State,Campaigns,Status,Type,Retailer,Targeting,Campaign bidding strategy,Start date,End date,Portfolio,Budget(USD),Top-of-search IS,Cost type,Impressions,Clicks,CTR,Spend(USD),CPC(USD),DPV,Orders,Sales(USD),ACOS,ROAS,NTB orders,% of orders NTB,NTB sales(USD),% of sales NTB,Viewable impressions,VCPM(USD),Video first quartile,Video midpoint,Video third quartile,Video complete,Video unmute,VTR,vCTR,CPM(USD)
ENABLED,mini fuse beads TOS push - mini root,CAMPAIGN_STATUS_ENABLED,SP,Amazon,MANUAL,Dynamic bids - down only,1/29/25,,fuse beads,30.00,45.02793296089386%,CPC,20934,182,0.0087,179.85,0.99,0,14,467.70,0.3845,2.6005,0,0,0.00,0,0,0.00,0,0,0,0,0,0,0,0.00
ENABLED,mini fuse beads - SPM MK broad mini root,CAMPAIGN_STATUS_ENABLED,SP,Amazon,MANUAL,Dynamic bids - down only,12/8/25,,fuse beads,25.00,10.076721075124864%,CPC,13660,150,0.011,174.78,1.17,0,14,463.00,0.3775,2.649,0,0,0.00,0,0,0.00,0,0,0,0,0,0,0,0.00
ENABLED,48 Minibeads - broad auto,CAMPAIGN_STATUS_ENABLED,SP,Amazon,MANUAL,Dynamic bids - down only,7/26/23,,fuse beads,16.00,5.617905264173393%,CPC,24273,164,0.0068,107.35,0.65,0,9,292.20,0.3674,2.7219,0,0,0.00,0,0,0.00,0,0,0,0,0,0,0,0.00
ENABLED,mini fuse beads - SPM SK fuse bead kit TOS,CAMPAIGN_STATUS_ENABLED,SP,Amazon,MANUAL,Dynamic bids - down only,11/19/25,,fuse beads,15.00,23.46805736636245%,CPC,12463,92,0.0074,104.20,1.13,0,6,201.86,0.5162,1.9372,0,0,0.00,0,0,0.00,0,0,0,0,0,0,0,0.00
ENABLED,mini fuse beads-  SPM MK multi root TOS,CAMPAIGN_STATUS_ENABLED,SP,Amazon,MANUAL,Dynamic bids - down only,1/29/25,,fuse beads,14.00,13.405633378520863%,CPC,1262,92,0.0729,98.02,1.07,0,11,358.18,0.2737,3.6542,0,0,0.00,0,0,0.00,0,0,0,0,0,0,0,0.00
ENABLED,48 mini perler beads tos push,CAMPAIGN_STATUS_ENABLED,SP,Amazon,MANUAL,Dynamic bids - down only,12/8/24,,fuse beads,7.00,<5%,CPC,1610,67,0.0416,49.64,0.74,0,9,300.78,0.165,6.0592,0,0,0.00,0,0,0.00,0,0,0,0,0,0,0,0.00
ENABLED,mini fuse beads - SPM MP product targeting,CAMPAIGN_STATUS_ENABLED,SP,Amazon,MANUAL,Dynamic bids - down only,4/10/25,,fuse beads,7.00,53.613053613053616%,CPC,697,37,0.0531,49.19,1.33,0,5,166.90,0.2947,3.393,0,0,0.00,0,0,0.00,0,0,0,0,0,0,0,0.00
ENABLED,B07PXN4K8N 22000 beads LOW BID AUTO TOS,CAMPAIGN_STATUS_ENABLED,SP,Amazon,AUTOMATIC,Dynamic bids - down only,3/31/24,,fuse beads,35.00,<5%,CPC,936,55,0.0588,30.82,0.56,0,0,0.00,0,0,0,0,0.00,0,0,0.00,0,0,0,0,0,0,0,0.00
ENABLED,mini fuse beads - SPM MK BROAD shinshin creation root,CAMPAIGN_STATUS_ENABLED,SP,Amazon,MANUAL,Dynamic bids - down only,12/8/25,,fuse beads,20.00,<5%,CPC,1465,5,0.0034,3.53,0.71,0,2,67.96,0.0519,19.2521,0,0,0.00,0,0,0.00,0,0,0,0,0,0,0,0.00
ENABLED,mini fuse beads TOS push - mini root other,CAMPAIGN_STATUS_ENABLED,SP,Amazon,MANUAL,Dynamic bids - down only,5/27/25,,fuse beads,15.00,<5%,CPC,334,5,0.015,2.74,0.55,0,0,0.00,0,0,0,0,0.00,0,0,0.00,0,0,0,0,0,0,0,0.00
ENABLED,48 mini beads - SP  mini perler TOS push,CAMPAIGN_STATUS_ENABLED,SP,Amazon,MANUAL,Dynamic bids - down only,5/19/25,,fuse beads,15.00,57.49999999999999%,CPC,25,1,0.04,0.72,0.72,0,0,0.00,0,0,0,0,0.00,0,0,0.00,0,0,0,0,0,0,0,0.00
ENABLED,B07PXN4K8N 22000 beads LOW BID Product Targeting,CAMPAIGN_STATUS_ENABLED,SP,Amazon,MANUAL,Dynamic bids - down only,3/31/24,,fuse beads,10.00,<5%,CPC,22,1,0.0455,0.05,0.05,0,0,0.00,0,0,0,0,0.00,0,0,0.00,0,0,0,0,0,0,0,0.00
ARCHIVED,48minibeads-Launch,CAMPAIGN_ARCHIVED,SP,Amazon,MANUAL,Dynamic bids - down only,6/17/22,,fuse beads,5.00,,CPC,0,0,0,0.00,0.00,0,0,0.00,0,0,0,0,0.00,0,0,0.00,0,0,0,0,0,0,0,0.00
ARCHIVED,RV-FA22-4WFQ SP AuCl 220616 Minibeads48 1,CAMPAIGN_ARCHIVED,SP,Amazon,AUTOMATIC,Dynamic bids - down only,6/16/22,,fuse beads,3.00,,CPC,0,0,0,0.00,0.00,0,0,0.00,0,0,0,0,0.00,0,0,0.00,0,0,0,0,0,0,0,0.00
ARCHIVED,RV-FA22-4WFQ SP Exac 220616 Minibeads48 1,CAMPAIGN_ARCHIVED,SP,Amazon,MANUAL,Dynamic bids - down only,6/16/22,,fuse beads,1.00,,CPC,0,0,0,0.00,0.00,0,0,0.00,0,0,0,0,0.00,0,0,0.00,0,0,0,0,0,0,0,0.00
ARCHIVED,RV-FA22-4WFQ SP AuLo 220616 Minibeads48 1,CAMPAIGN_ARCHIVED,SP,Amazon,AUTOMATIC,Dynamic bids - down only,6/16/22,,fuse beads,3.00,,CPC,0,0,0,0.00,0.00,0,0,0.00,0,0,0,0,0.00,0,0,0.00,0,0,0,0,0,0,0,0.00
ARCHIVED,RV-FA22-4WFQ SP AuCo 220616 Minibeads48 1,CAMPAIGN_ARCHIVED,SP,Amazon,AUTOMATIC,Dynamic bids - down only,6/16/22,,fuse beads,3.00,,CPC,0,0,0,0.00,0.00,0,0,0.00,0,0,0,0,0.00,0,0,0.00,0,0,0,0,0,0,0,0.00
ARCHIVED,RV-FA22-4WFQ SP Exac 220616 Minibeads48 10,CAMPAIGN_ARCHIVED,SP,Amazon,MANUAL,Dynamic bids - down only,6/16/22,,fuse beads,1.00,,CPC,0,0,0,0.00,0.00,0,0,0.00,0,0,0,0,0.00,0,0,0.00,0,0,0,0,0,0,0,0.00
ARCHIVED,RV-FA22-4WFQ SP Phra 220616 Minibeads48 6,CAMPAIGN_ARCHIVED,SP,Amazon,MANUAL,Dynamic bids - down only,6/16/22,,fuse beads,1.00,,CPC,0,0,0,0.00,0.00,0,0,0.00,0,0,0,0,0.00,0,0,0.00,0,0,0,0,0,0,0,0.00
ARCHIVED,RV-FA22-4WFQ SP AuSu 220616 Minibeads48 1,CAMPAIGN_ARCHIVED,SP,Amazon,AUTOMATIC,Dynamic bids - down only,6/16/22,,fuse beads,3.00,,CPC,0,0,0,0.00,0.00,0,0,0.00,0,0,0,0,0.00,0,0,0.00,0,0,0,0,0,0,0,0.00
ARCHIVED,RV-FA22-4WFQ SP Exac 220616 Minibeads48 6,CAMPAIGN_ARCHIVED,SP,Amazon,MANUAL,Dynamic bids - down only,6/16/22,,fuse beads,1.00,,CPC,0,0,0,0.00,0.00,0,0,0.00,0,0,0,0,0.00,0,0,0.00,0,0,0,0,0,0,0,0.00
ARCHIVED,RV-FA22-4WFQ SP Broa 220616 Minibeads48 6,CAMPAIGN_ARCHIVED,SP,Amazon,MANUAL,Dynamic bids - down only,6/16/22,,fuse beads,1.00,,CPC,0,0,0,0.00,0.00,0,0,0.00,0,0,0,0,0.00,0,0,0.00,0,0,0,0,0,0,0,0.00
ARCHIVED,RV-FA22-4WFQ SP Broa 220616 Minibeads48 5,CAMPAIGN_ARCHIVED,SP,Amazon,MANUAL,Dynamic bids - down only,6/16/22,,fuse beads,1.00,,CPC,0,0,0,0.00,0.00,0,0,0.00,0,0,0,0,0.00,0,0,0.00,0,0,0,0,0,0,0,0.00
ARCHIVED,RV-FA22-4WFQ SP Exac 220616 Minibeads48 2,CAMPAIGN_ARCHIVED,SP,Amazon,MANUAL,Dynamic bids - down only,6/16/22,,fuse beads,1.00,,CPC,0,0,0,0.00,0.00,0,0,0.00,0,0,0,0,0.00,0,0,0.00,0,0,0,0,0,0,0,0.00
ARCHIVED,RV-FA22-4WFQ SP Phra 220616 Minibeads48 2,CAMPAIGN_ARCHIVED,SP,Amazon,MANUAL,Dynamic bids - down only,6/16/22,,fuse beads,1.00,,CPC,0,0,0,0.00,0.00,0,0,0.00,0,0,0,0,0.00,0,0,0.00,0,0,0,0,0,0,0,0.00
ARCHIVED,RV-FA22-4WFQ SP Broa 220616 Minibeads48 4,CAMPAIGN_ARCHIVED,SP,Amazon,MANUAL,Dynamic bids - down only,6/16/22,,fuse beads,1.00,,CPC,0,0,0,0.00,0.00,0,0,0.00,0,0,0,0,0.00,0,0,0.00,0,0,0,0,0,0,0,0.00
ARCHIVED,RV-FA22-4WFQ SP Broa 220616 Minibeads48 3,CAMPAIGN_ARCHIVED,SP,Amazon,MANUAL,Dynamic bids - down only,6/16/22,,fuse beads,1.00,,CPC,0,0,0,0.00,0.00,0,0,0.00,0,0,0,0,0.00,0,0,0.00,0,0,0,0,0,0,0,0.00
ARCHIVED,RV-FA22-4WFQ SP Broa 220616 Minibeads48 2,CAMPAIGN_ARCHIVED,SP,Amazon,MANUAL,Dynamic bids - down only,6/16/22,,fuse beads,1.00,,CPC,0,0,0,0.00,0.00,0,0,0.00,0,0,0,0,0.00,0,0,0.00,0,0,0,0,0,0,0,0.00
ARCHIVED,RV-FA22-4WFQ SP Broa 220616 Minibeads48 1,CAMPAIGN_ARCHIVED,SP,Amazon,MANUAL,Dynamic bids - down only,6/16/22,,fuse beads,1.00,,CPC,0,0,0,0.00,0.00,0,0,0.00,0,0,0,0,0.00,0,0,0.00,0,0,0,0,0,0,0,0.00
ARCHIVED,RV-FA22-4WFQ SP Exac 220616 Minibeads48 11,CAMPAIGN_ARCHIVED,SP,Amazon,MANUAL,Dynamic bids - down only,6/16/22,,fuse beads,1.00,,CPC,0,0,0,0.00,0.00,0,0,0.00,0,0,0,0,0.00,0,0,0.00,0,0,0,0,0,0,0,0.00
ARCHIVED,RV-FA22-4WFQ SP Exac 220616 Minibeads48 7,CAMPAIGN_ARCHIVED,SP,Amazon,MANUAL,Dynamic bids - down only,6/16/22,,fuse beads,1.00,,CPC,0,0,0,0.00,0.00,0,0,0.00,0,0,0,0,0.00,0,0,0.00,0,0,0,0,0,0,0,0.00
ARCHIVED,RV-FA22-4WFQ SP Phra 220616 Minibeads48 3,CAMPAIGN_ARCHIVED,SP,Amazon,MANUAL,Dynamic bids - down only,6/16/22,,fuse beads,1.00,,CPC,0,0,0,0.00,0.00,0,0,0.00,0,0,0,0,0.00,0,0,0.00,0,0,0,0,0,0,0,0.00
ARCHIVED,RV-FA22-4WFQ SP Exac 220616 Minibeads48 3,CAMPAIGN_ARCHIVED,SP,Amazon,MANUAL,Dynamic bids - down only,6/16/22,,fuse beads,1.00,,CPC,0,0,0,0.00,0.00,0,0,0.00,0,0,0,0,0.00,0,0,0.00,0,0,0,0,0,0,0,0.00
ARCHIVED,RV-FA22-4WFQ SP Exac 220616 Minibeads48 12,CAMPAIGN_ARCHIVED,SP,Amazon,MANUAL,Dynamic bids - down only,6/16/22,,fuse beads,1.00,,CPC,0,0,0,0.00,0.00,0,0,0.00,0,0,0,0,0.00,0,0,0.00,0,0,0,0,0,0,0,0.00
ARCHIVED,RV-FA22-4WFQ SP Exac 220616 Minibeads48 8,CAMPAIGN_ARCHIVED,SP,Amazon,MANUAL,Dynamic bids - down only,6/16/22,,fuse beads,1.00,,CPC,0,0,0,0.00,0.00,0,0,0.00,0,0,0,0,0.00,0,0,0.00,0,0,0,0,0,0,0,0.00
ARCHIVED,RV-FA22-4WFQ SP Prod 220616 Minibeads48 1,CAMPAIGN_ARCHIVED,SP,Amazon,MANUAL,Dynamic bids - down only,6/16/22,,fuse beads,1.00,,CPC,0,0,0,0.00,0.00,0,0,0.00,0,0,0,0,0.00,0,0,0.00,0,0,0,0,0,0,0,0.00
ARCHIVED,RV-FA22-4WFQ SP Phra 220616 Minibeads48 4,CAMPAIGN_ARCHIVED,SP,Amazon,MANUAL,Dynamic bids - down only,6/16/22,,fuse beads,1.00,,CPC,0,0,0,0.00,0.00,0,0,0.00,0,0,0,0,0.00,0,0,0.00,0,0,0,0,0,0,0,0.00
ARCHIVED,RV-FA22-4WFQ SP Exac 220616 Minibeads48 4,CAMPAIGN_ARCHIVED,SP,Amazon,MANUAL,Dynamic bids - down only,6/16/22,,fuse beads,1.00,,CPC,0,0,0,0.00,0.00,0,0,0.00,0,0,0,0,0.00,0,0,0.00,0,0,0,0,0,0,0,0.00
ARCHIVED,RV-FA22-4WFQ SP Exac 220616 Minibeads48 9,CAMPAIGN_ARCHIVED,SP,Amazon,MANUAL,Dynamic bids - down only,6/16/22,,fuse beads,1.00,,CPC,0,0,0,0.00,0.00,0,0,0.00,0,0,0,0,0.00,0,0,0.00,0,0,0,0,0,0,0,0.00
ARCHIVED,RV-FA22-4WFQ SP Prod 220616 Minibeads48 2,CAMPAIGN_ARCHIVED,SP,Amazon,MANUAL,Dynamic bids - down only,6/16/22,,fuse beads,1.00,,CPC,0,0,0,0.00,0.00,0,0,0.00,0,0,0,0,0.00,0,0,0.00,0,0,0,0,0,0,0,0.00
ARCHIVED,RV-FA22-4WFQ SP Phra 220616 Minibeads48 5,CAMPAIGN_ARCHIVED,SP,Amazon,MANUAL,Dynamic bids - down only,6/16/22,,fuse beads,1.00,,CPC,0,0,0,0.00,0.00,0,0,0.00,0,0,0,0,0.00,0,0,0.00,0,0,0,0,0,0,0,0.00
ARCHIVED,RV-FA22-4WFQ SP Exac 220616 Minibeads48 5,CAMPAIGN_ARCHIVED,SP,Amazon,MANUAL,Dynamic bids - down only,6/16/22,,fuse beads,1.00,,CPC,0,0,0,0.00,0.00,0,0,0.00,0,0,0,0,0.00,0,0,0.00,0,0,0,0,0,0,0,0.00
ARCHIVED,RV-FA22-4WFQ SP Phra 220616 Minibeads48 1,CAMPAIGN_ARCHIVED,SP,Amazon,MANUAL,Dynamic bids - down only,6/16/22,,fuse beads,1.00,,CPC,0,0,0,0.00,0.00,0,0,0.00,0,0,0,0,0.00,0,0,0.00,0,0,0,0,0,0,0,0.00
ARCHIVED,RV-FA22-4WFQ SP Exac 220707 mini48 19,CAMPAIGN_ARCHIVED,SP,Amazon,MANUAL,Dynamic bids - down only,7/7/22,,fuse beads,1.00,,CPC,0,0,0,0.00,0.00,0,0,0.00,0,0,0,0,0.00,0,0,0.00,0,0,0,0,0,0,0,0.00
ARCHIVED,RV-FA22-4WFQ SP Exac 220707 mini48 1,CAMPAIGN_ARCHIVED,SP,Amazon,MANUAL,Dynamic bids - down only,7/7/22,,fuse beads,1.00,,CPC,0,0,0,0.00,0.00,0,0,0.00,0,0,0,0,0.00,0,0,0.00,0,0,0,0,0,0,0,0.00
ARCHIVED,RV-FA22-4WFQ SP Phra 220707 mini48 1,CAMPAIGN_ARCHIVED,SP,Amazon,MANUAL,Dynamic bids - down only,7/7/22,,fuse beads,1.00,,CPC,0,0,0,0.00,0.00,0,0,0.00,0,0,0,0,0.00,0,0,0.00,0,0,0,0,0,0,0,0.00
ARCHIVED,RV-FA22-4WFQ SP Broa 220707 mini48 10,CAMPAIGN_ARCHIVED,SP,Amazon,MANUAL,Dynamic bids - down only,7/7/22,,fuse beads,1.00,,CPC,0,0,0,0.00,0.00,0,0,0.00,0,0,0,0,0.00,0,0,0.00,0,0,0,0,0,0,0,0.00
ARCHIVED,RV-FA22-4WFQ SP Exac 220707 mini48 20,CAMPAIGN_ARCHIVED,SP,Amazon,MANUAL,Dynamic bids - down only,7/7/22,,fuse beads,1.00,,CPC,0,0,0,0.00,0.00,0,0,0.00,0,0,0,0,0.00,0,0,0.00,0,0,0,0,0,0,0,0.00
ARCHIVED,RV-FA22-4WFQ SP Exac 220707 mini48 2,CAMPAIGN_ARCHIVED,SP,Amazon,MANUAL,Dynamic bids - down only,7/7/22,,fuse beads,1.00,,CPC,0,0,0,0.00,0.00,0,0,0.00,0,0,0,0,0.00,0,0,0.00,0,0,0,0,0,0,0,0.00
ARCHIVED,RV-FA22-4WFQ SP Exac 220707 mini48 21,CAMPAIGN_ARCHIVED,SP,Amazon,MANUAL,Dynamic bids - down only,7/7/22,,fuse beads,1.00,,CPC,0,0,0,0.00,0.00,0,0,0.00,0,0,0,0,0.00,0,0,0.00,0,0,0,0,0,0,0,0.00
ARCHIVED,RV-FA22-4WFQ SP Phra 220707 mini48 2,CAMPAIGN_ARCHIVED,SP,Amazon,MANUAL,Dynamic bids - down only,7/7/22,,fuse beads,1.00,,CPC,0,0,0,0.00,0.00,0,0,0.00,0,0,0,0,0.00,0,0,0.00,0,0,0,0,0,0,0,0.00
ARCHIVED,RV-FA22-4WFQ SP Exac 220707 mini48 3,CAMPAIGN_ARCHIVED,SP,Amazon,MANUAL,Dynamic bids - down only,7/7/22,,fuse beads,1.00,,CPC,0,0,0,0.00,0.00,0,0,0.00,0,0,0,0,0.00,0,0,0.00,0,0,0,0,0,0,0,0.00
ARCHIVED,RV-FA22-4WFQ SP Broa 220707 mini48 8,CAMPAIGN_ARCHIVED,SP,Amazon,MANUAL,Dynamic bids - down only,7/7/22,,fuse beads,1.00,,CPC,0,0,0,0.00,0.00,0,0,0.00,0,0,0,0,0.00,0,0,0.00,0,0,0,0,0,0,0,0.00
ARCHIVED,RV-FA22-4WFQ SP Exac 220707 mini48 22,CAMPAIGN_ARCHIVED,SP,Amazon,MANUAL,Dynamic bids - down only,7/7/22,,fuse beads,1.00,,CPC,0,0,0,0.00,0.00,0,0,0.00,0,0,0,0,0.00,0,0,0.00,0,0,0,0,0,0,0,0.00
ARCHIVED,RV-FA22-4WFQ SP Exac 220707 mini48 4,CAMPAIGN_ARCHIVED,SP,Amazon,MANUAL,Dynamic bids - down only,7/7/22,,fuse beads,1.00,,CPC,0,0,0,0.00,0.00,0,0,0.00,0,0,0,0,0.00,0,0,0.00,0,0,0,0,0,0,0,0.00
ARCHIVED,RV-FA22-4WFQ SP Phra 220707 mini48 3,CAMPAIGN_ARCHIVED,SP,Amazon,MANUAL,Dynamic bids - down only,7/7/22,,fuse beads,1.00,,CPC,0,0,0,0.00,0.00,0,0,0.00,0,0,0,0,0.00,0,0,0.00,0,0,0,0,0,0,0,0.00
ARCHIVED,RV-FA22-4WFQ SP Exac 220707 mini48 23,CAMPAIGN_ARCHIVED,SP,Amazon,MANUAL,Dynamic bids - down only,7/7/22,,fuse beads,1.00,,CPC,0,0,0,0.00,0.00,0,0,0.00,0,0,0,0,0.00,0,0,0.00,0,0,0,0,0,0,0,0.00
ARCHIVED,RV-FA22-4WFQ SP Exac 220707 mini48 5,CAMPAIGN_ARCHIVED,SP,Amazon,MANUAL,Dynamic bids - down only,7/7/22,,fuse beads,1.00,,CPC,0,0,0,0.00,0.00,0,0,0.00,0,0,0,0,0.00,0,0,0.00,0,0,0,0,0,0,0,0.00
ARCHIVED,RV-FA22-4WFQ SP Broa 220707 mini48 6,CAMPAIGN_ARCHIVED,SP,Amazon,MANUAL,Dynamic bids - down only,7/7/22,,fuse beads,1.00,,CPC,0,0,0,0.00,0.00,0,0,0.00,0,0,0,0,0.00,0,0,0.00,0,0,0,0,0,0,0,0.00
ARCHIVED,RV-FA22-4WFQ SP Phra 220707 mini48 4,CAMPAIGN_ARCHIVED,SP,Amazon,MANUAL,Dynamic bids - down only,7/7/22,,fuse beads,1.00,,CPC,0,0,0,0.00,0.00,0,0,0.00,0,0,0,0,0.00,0,0,0.00,0,0,0,0,0,0,0,0.00
ARCHIVED,RV-FA22-4WFQ SP Exac 220707 mini48 24,CAMPAIGN_ARCHIVED,SP,Amazon,MANUAL,Dynamic bids - down only,7/7/22,,fuse beads,1.00,,CPC,0,0,0,0.00,0.00,0,0,0.00,0,0,0,0,0.00,0,0,0.00,0,0,0,0,0,0,0,0.00
ARCHIVED,RV-FA22-4WFQ SP Exac 220707 mini48 6,CAMPAIGN_ARCHIVED,SP,Amazon,MANUAL,Dynamic bids - down only,7/7/22,,fuse beads,1.00,,CPC,0,0,0,0.00,0.00,0,0,0.00,0,0,0,0,0.00,0,0,0.00,0,0,0,0,0,0,0,0.00
ARCHIVED,RV-FA22-4WFQ SP Exac 220707 mini48 25,CAMPAIGN_ARCHIVED,SP,Amazon,MANUAL,Dynamic bids - down only,7/7/22,,fuse beads,1.00,,CPC,0,0,0,0.00,0.00,0,0,0.00,0,0,0,0,0.00,0,0,0.00,0,0,0,0,0,0,0,0.00
ARCHIVED,RV-FA22-4WFQ SP Broa 220707 mini48 4,CAMPAIGN_ARCHIVED,SP,Amazon,MANUAL,Dynamic bids - down only,7/7/22,,fuse beads,1.00,,CPC,0,0,0,0.00,0.00,0,0,0.00,0,0,0,0,0.00,0,0,0.00,0,0,0,0,0,0,0,0.00
ARCHIVED,RV-FA22-4WFQ SP Exac 220707 mini48 7,CAMPAIGN_ARCHIVED,SP,Amazon,MANUAL,Dynamic bids - down only,7/7/22,,fuse beads,1.00,,CPC,0,0,0,0.00,0.00,0,0,0.00,0,0,0,0,0.00,0,0,0.00,0,0,0,0,0,0,0,0.00
ARCHIVED,RV-FA22-4WFQ SP Phra 220707 mini48 5,CAMPAIGN_ARCHIVED,SP,Amazon,MANUAL,Dynamic bids - down only,7/7/22,,fuse beads,1.00,,CPC,0,0,0,0.00,0.00,0,0,0.00,0,0,0,0,0.00,0,0,0.00,0,0,0,0,0,0,0,0.00
ARCHIVED,RV-FA22-4WFQ SP Exac 220707 mini48 26,CAMPAIGN_ARCHIVED,SP,Amazon,MANUAL,Dynamic bids - down only,7/7/22,,fuse beads,1.00,,CPC,0,0,0,0.00,0.00,0,0,0.00,0,0,0,0,0.00,0,0,0.00,0,0,0,0,0,0,0,0.00
ARCHIVED,RV-FA22-4WFQ SP Exac 220707 mini48 8,CAMPAIGN_ARCHIVED,SP,Amazon,MANUAL,Dynamic bids - down only,7/7/22,,fuse beads,1.00,,CPC,0,0,0,0.00,0.00,0,0,0.00,0,0,0,0,0.00,0,0,0.00,0,0,0,0,0,0,0,0.00
ARCHIVED,RV-FA22-4WFQ SP Phra 220707 mini48 6,CAMPAIGN_ARCHIVED,SP,Amazon,MANUAL,Dynamic bids - down only,7/7/22,,fuse beads,1.00,,CPC,0,0,0,0.00,0.00,0,0,0.00,0,0,0,0,0.00,0,0,0.00,0,0,0,0,0,0,0,0.00
ARCHIVED,RV-FA22-4WFQ SP Broa 220707 mini48 2,CAMPAIGN_ARCHIVED,SP,Amazon,MANUAL,Dynamic bids - down only,7/7/22,,fuse beads,1.00,,CPC,0,0,0,0.00,0.00,0,0,0.00,0,0,0,0,0.00,0,0,0.00,0,0,0,0,0,0,0,0.00
ARCHIVED,RV-FA22-4WFQ SP Exac 220707 mini48 27,CAMPAIGN_ARCHIVED,SP,Amazon,MANUAL,Dynamic bids - down only,7/7/22,,fuse beads,1.00,,CPC,0,0,0,0.00,0.00,0,0,0.00,0,0,0,0,0.00,0,0,0.00,0,0,0,0,0,0,0,0.00
ARCHIVED,RV-FA22-4WFQ SP Exac 220707 mini48 9,CAMPAIGN_ARCHIVED,SP,Amazon,MANUAL,Dynamic bids - down only,7/7/22,,fuse beads,1.00,,CPC,0,0,0,0.00,0.00,0,0,0.00,0,0,0,0,0.00,0,0,0.00,0,0,0,0,0,0,0,0.00
ARCHIVED,RV-FA22-4WFQ SP Exac 220707 mini48 28,CAMPAIGN_ARCHIVED,SP,Amazon,MANUAL,Dynamic bids - down only,7/7/22,,fuse beads,1.00,,CPC,0,0,0,0.00,0.00,0,0,0.00,0,0,0,0,0.00,0,0,0.00,0,0,0,0,0,0,0,0.00
ARCHIVED,RV-FA22-4WFQ SP Phra 220707 mini48 7,CAMPAIGN_ARCHIVED,SP,Amazon,MANUAL,Dynamic bids - down only,7/7/22,,fuse beads,1.00,,CPC,0,0,0,0.00,0.00,0,0,0.00,0,0,0,0,0.00,0,0,0.00,0,0,0,0,0,0,0,0.00
ARCHIVED,RV-FA22-4WFQ SP Broa 220707 mini48 11,CAMPAIGN_ARCHIVED,SP,Amazon,MANUAL,Dynamic bids - down only,7/7/22,,fuse beads,1.00,,CPC,0,0,0,0.00,0.00,0,0,0.00,0,0,0,0,0.00,0,0,0.00,0,0,0,0,0,0,0,0.00
ARCHIVED,RV-FA22-4WFQ SP Exac 220707 mini48 10,CAMPAIGN_ARCHIVED,SP,Amazon,MANUAL,Dynamic bids - down only,7/7/22,,fuse beads,1.00,,CPC,0,0,0,0.00,0.00,0,0,0.00,0,0,0,0,0.00,0,0,0.00,0,0,0,0,0,0,0,0.00
ARCHIVED,RV-FA22-4WFQ SP Exac 220707 mini48 29,CAMPAIGN_ARCHIVED,SP,Amazon,MANUAL,Dynamic bids - down only,7/7/22,,fuse beads,1.00,,CPC,0,0,0,0.00,0.00,0,0,0.00,0,0,0,0,0.00,0,0,0.00,0,0,0,0,0,0,0,0.00
ARCHIVED,RV-FA22-4WFQ SP Exac 220707 mini48 11,CAMPAIGN_ARCHIVED,SP,Amazon,MANUAL,Dynamic bids - down only,7/7/22,,fuse beads,1.00,,CPC,0,0,0,0.00,0.00,0,0,0.00,0,0,0,0,0.00,0,0,0.00,0,0,0,0,0,0,0,0.00
ARCHIVED,RV-FA22-4WFQ SP Phra 220707 mini48 8,CAMPAIGN_ARCHIVED,SP,Amazon,MANUAL,Dynamic bids - down only,7/7/22,,fuse beads,1.00,,CPC,0,0,0,0.00,0.00,0,0,0.00,0,0,0,0,0.00,0,0,0.00,0,0,0,0,0,0,0,0.00
ARCHIVED,RV-FA22-4WFQ SP Broa 220707 mini48 9,CAMPAIGN_ARCHIVED,SP,Amazon,MANUAL,Dynamic bids - down only,7/7/22,,fuse beads,1.00,,CPC,0,0,0,0.00,0.00,0,0,0.00,0,0,0,0,0.00,0,0,0.00,0,0,0,0,0,0,0,0.00
ARCHIVED,RV-FA22-4WFQ SP Exac 220707 mini48 30,CAMPAIGN_ARCHIVED,SP,Amazon,MANUAL,Dynamic bids - down only,7/7/22,,fuse beads,1.00,,CPC,0,0,0,0.00,0.00,0,0,0.00,0,0,0,0,0.00,0,0,0.00,0,0,0,0,0,0,0,0.00
ARCHIVED,RV-FA22-4WFQ SP Exac 220707 mini48 12,CAMPAIGN_ARCHIVED,SP,Amazon,MANUAL,Dynamic bids - down only,7/7/22,,fuse beads,1.00,,CPC,0,0,0,0.00,0.00,0,0,0.00,0,0,0,0,0.00,0,0,0.00,0,0,0,0,0,0,0,0.00
ARCHIVED,RV-FA22-4WFQ SP Exac 220707 mini48 31,CAMPAIGN_ARCHIVED,SP,Amazon,MANUAL,Dynamic bids - down only,7/7/22,,fuse beads,1.00,,CPC,0,0,0,0.00,0.00,0,0,0.00,0,0,0,0,0.00,0,0,0.00,0,0,0,0,0,0,0,0.00
ARCHIVED,RV-FA22-4WFQ SP Phra 220707 mini48 9,CAMPAIGN_ARCHIVED,SP,Amazon,MANUAL,Dynamic bids - down only,7/7/22,,fuse beads,1.00,,CPC,0,0,0,0.00,0.00,0,0,0.00,0,0,0,0,0.00,0,0,0.00,0,0,0,0,0,0,0,0.00
ARCHIVED,RV-FA22-4WFQ SP Exac 220707 mini48 13,CAMPAIGN_ARCHIVED,SP,Amazon,MANUAL,Dynamic bids - down only,7/7/22,,fuse beads,1.00,,CPC,0,0,0,0.00,0.00,0,0,0.00,0,0,0,0,0.00,0,0,0.00,0,0,0,0,0,0,0,0.00
ARCHIVED,RV-FA22-4WFQ SP Broa 220707 mini48 7,CAMPAIGN_ARCHIVED,SP,Amazon,MANUAL,Dynamic bids - down only,7/7/22,,fuse beads,1.00,,CPC,0,0,0,0.00,0.00,0,0,0.00,0,0,0,0,0.00,0,0,0.00,0,0,0,0,0,0,0,0.00
ARCHIVED,RV-FA22-4WFQ SP Exac 220707 mini48 32,CAMPAIGN_ARCHIVED,SP,Amazon,MANUAL,Dynamic bids - down only,7/7/22,,fuse beads,1.00,,CPC,0,0,0,0.00,0.00,0,0,0.00,0,0,0,0,0.00,0,0,0.00,0,0,0,0,0,0,0,0.00
ARCHIVED,RV-FA22-4WFQ SP Exac 220707 mini48 14,CAMPAIGN_ARCHIVED,SP,Amazon,MANUAL,Dynamic bids - down only,7/7/22,,fuse beads,1.00,,CPC,0,0,0,0.00,0.00,0,0,0.00,0,0,0,0,0.00,0,0,0.00,0,0,0,0,0,0,0,0.00
ARCHIVED,RV-FA22-4WFQ SP Phra 220707 mini48 10,CAMPAIGN_ARCHIVED,SP,Amazon,MANUAL,Dynamic bids - down only,7/7/22,,fuse beads,1.00,,CPC,0,0,0,0.00,0.00,0,0,0.00,0,0,0,0,0.00,0,0,0.00,0,0,0,0,0,0,0,0.00
ARCHIVED,RV-FA22-4WFQ SP Exac 220707 mini48 33,CAMPAIGN_ARCHIVED,SP,Amazon,MANUAL,Dynamic bids - down only,7/7/22,,fuse beads,1.00,,CPC,0,0,0,0.00,0.00,0,0,0.00,0,0,0,0,0.00,0,0,0.00,0,0,0,0,0,0,0,0.00
ARCHIVED,RV-FA22-4WFQ SP Exac 220707 mini48 15,CAMPAIGN_ARCHIVED,SP,Amazon,MANUAL,Dynamic bids - down only,7/7/22,,fuse beads,1.00,,CPC,0,0,0,0.00,0.00,0,0,0.00,0,0,0,0,0.00,0,0,0.00,0,0,0,0,0,0,0,0.00
ARCHIVED,RV-FA22-4WFQ SP Broa 220707 mini48 5,CAMPAIGN_ARCHIVED,SP,Amazon,MANUAL,Dynamic bids - down only,7/7/22,,fuse beads,1.00,,CPC,0,0,0,0.00,0.00,0,0,0.00,0,0,0,0,0.00,0,0,0.00,0,0,0,0,0,0,0,0.00
ARCHIVED,RV-FA22-4WFQ SP Prod 220707 mini48 1,CAMPAIGN_ARCHIVED,SP,Amazon,MANUAL,Dynamic bids - down only,7/7/22,,fuse beads,1.00,,CPC,0,0,0,0.00,0.00,0,0,0.00,0,0,0,0,0.00,0,0,0.00,0,0,0,0,0,0,0,0.00
ARCHIVED,RV-FA22-4WFQ SP Phra 220707 mini48 11,CAMPAIGN_ARCHIVED,SP,Amazon,MANUAL,Dynamic bids - down only,7/7/22,,fuse beads,1.00,,CPC,0,0,0,0.00,0.00,0,0,0.00,0,0,0,0,0.00,0,0,0.00,0,0,0,0,0,0,0,0.00
ARCHIVED,RV-FA22-4WFQ SP Exac 220707 mini48 16,CAMPAIGN_ARCHIVED,SP,Amazon,MANUAL,Dynamic bids - down only,7/7/22,,fuse beads,1.00,,CPC,0,0,0,0.00,0.00,0,0,0.00,0,0,0,0,0.00,0,0,0.00,0,0,0,0,0,0,0,0.00
ARCHIVED,RV-FA22-4WFQ SP Prod 220707 mini48 2,CAMPAIGN_ARCHIVED,SP,Amazon,MANUAL,Dynamic bids - down only,7/7/22,,fuse beads,1.00,,CPC,0,0,0,0.00,0.00,0,0,0.00,0,0,0,0,0.00,0,0,0.00,0,0,0,0,0,0,0,0.00
ARCHIVED,RV-FA22-4WFQ SP Broa 220707 mini48 3,CAMPAIGN_ARCHIVED,SP,Amazon,MANUAL,Dynamic bids - down only,7/7/22,,fuse beads,1.00,,CPC,0,0,0,0.00,0.00,0,0,0.00,0,0,0,0,0.00,0,0,0.00,0,0,0,0,0,0,0,0.00
ARCHIVED,RV-FA22-4WFQ SP Exac 220707 mini48 17,CAMPAIGN_ARCHIVED,SP,Amazon,MANUAL,Dynamic bids - down only,7/7/22,,fuse beads,1.00,,CPC,0,0,0,0.00,0.00,0,0,0.00,0,0,0,0,0.00,0,0,0.00,0,0,0,0,0,0,0,0.00
ARCHIVED,RV-FA22-4WFQ SP Phra 220707 mini48 12,CAMPAIGN_ARCHIVED,SP,Amazon,MANUAL,Dynamic bids - down only,7/7/22,,fuse beads,1.00,,CPC,0,0,0,0.00,0.00,0,0,0.00,0,0,0,0,0.00,0,0,0.00,0,0,0,0,0,0,0,0.00
ARCHIVED,RV-FA22-4WFQ SP Prod 220707 mini48 3,CAMPAIGN_ARCHIVED,SP,Amazon,MANUAL,Dynamic bids - down only,7/7/22,,fuse beads,1.00,,CPC,0,0,0,0.00,0.00,0,0,0.00,0,0,0,0,0.00,0,0,0.00,0,0,0,0,0,0,0,0.00
ARCHIVED,RV-FA22-4WFQ SP AuCl 220707 mini48 1,CAMPAIGN_ARCHIVED,SP,Amazon,AUTOMATIC,Dynamic bids - down only,7/7/22,,fuse beads,1.00,,CPC,0,0,0,0.00,0.00,0,0,0.00,0,0,0,0,0.00,0,0,0.00,0,0,0,0,0,0,0,0.00
ARCHIVED,RV-FA22-4WFQ SP Exac 220707 mini48 18,CAMPAIGN_ARCHIVED,SP,Amazon,MANUAL,Dynamic bids - down only,7/7/22,,fuse beads,1.00,,CPC,0,0,0,0.00,0.00,0,0,0.00,0,0,0,0,0.00,0,0,0.00,0,0,0,0,0,0,0,0.00
ARCHIVED,RV-FA22-4WFQ SP AuLo 220707 mini48 1,CAMPAIGN_ARCHIVED,SP,Amazon,AUTOMATIC,Dynamic bids - down only,7/7/22,,fuse beads,1.00,,CPC,0,0,0,0.00,0.00,0,0,0.00,0,0,0,0,0.00,0,0,0.00,0,0,0,0,0,0,0,0.00
ARCHIVED,RV-FA22-4WFQ SP AuCo 220707 mini48 1,CAMPAIGN_ARCHIVED,SP,Amazon,AUTOMATIC,Dynamic bids - down only,7/7/22,,fuse beads,1.00,,CPC,0,0,0,0.00,0.00,0,0,0.00,0,0,0,0,0.00,0,0,0.00,0,0,0,0,0,0,0,0.00
ARCHIVED,RV-FA22-4WFQ SP Broa 220707 mini48 1,CAMPAIGN_ARCHIVED,SP,Amazon,MANUAL,Dynamic bids - down only,7/7/22,,fuse beads,1.00,,CPC,0,0,0,0.00,0.00,0,0,0.00,0,0,0,0,0.00,0,0,0.00,0,0,0,0,0,0,0,0.00
ARCHIVED,RV-FA22-4WFQ SP Prod 220707 mini48 4,CAMPAIGN_ARCHIVED,SP,Amazon,MANUAL,Dynamic bids - down only,7/7/22,,fuse beads,1.00,,CPC,0,0,0,0.00,0.00,0,0,0.00,0,0,0,0,0.00,0,0,0.00,0,0,0,0,0,0,0,0.00
ARCHIVED,RV-FA22-4WFQ SP AuSu 220707 mini48 1,CAMPAIGN_ARCHIVED,SP,Amazon,AUTOMATIC,Dynamic bids - down only,7/7/22,,fuse beads,1.00,,CPC,0,0,0,0.00,0.00,0,0,0.00,0,0,0,0,0.00,0,0,0.00,0,0,0,0,0,0,0,0.00
ARCHIVED,RV-FA22-4WFQ SP Exac 220913 mini48-2 22,CAMPAIGN_ARCHIVED,SP,Amazon,MANUAL,Dynamic bids - down only,9/13/22,,fuse beads,1.00,,CPC,0,0,0,0.00,0.00,0,0,0.00,0,0,0,0,0.00,0,0,0.00,0,0,0,0,0,0,0,0.00
ARCHIVED,RV-FA22-4WFQ SP Exac 220913 mini48-2 1,CAMPAIGN_ARCHIVED,SP,Amazon,MANUAL,Dynamic bids - down only,9/13/22,,fuse beads,1.00,,CPC,0,0,0,0.00,0.00,0,0,0.00,0,0,0,0,0.00,0,0,0.00,0,0,0,0,0,0,0,0.00
ARCHIVED,RV-FA22-4WFQ SP Exac 220913 mini48-2 44,CAMPAIGN_ARCHIVED,SP,Amazon,MANUAL,Dynamic bids - down only,9/13/22,,fuse beads,1.00,,CPC,0,0,0,0.00,0.00,0,0,0.00,0,0,0,0,0.00,0,0,0.00,0,0,0,0,0,0,0,0.00
ARCHIVED,RV-FA22-4WFQ SP Broa 220913 mini48-2 5,CAMPAIGN_ARCHIVED,SP,Amazon,MANUAL,Dynamic bids - down only,9/13/22,,fuse beads,1.00,,CPC,0,0,0,0.00,0.00,0,0,0.00,0,0,0,0,0.00,0,0,0.00,0,0,0,0,0,0,0,0.00
ARCHIVED,RV-FA22-4WFQ SP Exac 220913 mini48-2 23,CAMPAIGN_ARCHIVED,SP,Amazon,MANUAL,Dynamic bids - down only,9/13/22,,fuse beads,1.00,,CPC,0,0,0,0.00,0.00,0,0,0.00,0,0,0,0,0.00,0,0,0.00,0,0,0,0,0,0,0,0.00
ARCHIVED,RV-FA22-4WFQ SP Exac 220913 mini48-2 2,CAMPAIGN_ARCHIVED,SP,Amazon,MANUAL,Dynamic bids - down only,9/13/22,,fuse beads,1.00,,CPC,0,0,0,0.00,0.00,0,0,0.00,0,0,0,0,0.00,0,0,0.00,0,0,0,0,0,0,0,0.00
ARCHIVED,RV-FA22-4WFQ SP Prod 220913 mini48-2 1,CAMPAIGN_ARCHIVED,SP,Amazon,MANUAL,Dynamic bids - down only,9/13/22,,fuse beads,1.00,,CPC,0,0,0,0.00,0.00,0,0,0.00,0,0,0,0,0.00,0,0,0.00,0,0,0,0,0,0,0,0.00
ARCHIVED,RV-FA22-4WFQ SP Phra 220913 mini48-2 11,CAMPAIGN_ARCHIVED,SP,Amazon,MANUAL,Dynamic bids - down only,9/13/22,,fuse beads,1.00,,CPC,0,0,0,0.00,0.00,0,0,0.00,0,0,0,0,0.00,0,0,0.00,0,0,0,0,0,0,0,0.00
ARCHIVED,RV-FA22-4WFQ SP Exac 220913 mini48-2 24,CAMPAIGN_ARCHIVED,SP,Amazon,MANUAL,Dynamic bids - down only,9/13/22,,fuse beads,1.00,,CPC,0,0,0,0.00,0.00,0,0,0.00,0,0,0,0,0.00,0,0,0.00,0,0,0,0,0,0,0,0.00
ARCHIVED,RV-FA22-4WFQ SP Exac 220913 mini48-2 3,CAMPAIGN_ARCHIVED,SP,Amazon,MANUAL,Dynamic bids - down only,9/13/22,,fuse beads,1.00,,CPC,0,0,0,0.00,0.00,0,0,0.00,0,0,0,0,0.00,0,0,0.00,0,0,0,0,0,0,0,0.00
ARCHIVED,RV-FA22-4WFQ SP Prod 220913 mini48-2 2,CAMPAIGN_ARCHIVED,SP,Amazon,MANUAL,Dynamic bids - down only,9/13/22,,fuse beads,1.00,,CPC,0,0,0,0.00,0.00,0,0,0.00,0,0,0,0,0.00,0,0,0.00,0,0,0,0,0,0,0,0.00
ARCHIVED,RV-FA22-4WFQ SP Broa 220913 mini48-2 3,CAMPAIGN_ARCHIVED,SP,Amazon,MANUAL,Dynamic bids - down only,9/13/22,,fuse beads,1.00,,CPC,0,0,0,0.00,0.00,0,0,0.00,0,0,0,0,0.00,0,0,0.00,0,0,0,0,0,0,0,0.00
ARCHIVED,RV-FA22-4WFQ SP Exac 220913 mini48-2 25,CAMPAIGN_ARCHIVED,SP,Amazon,MANUAL,Dynamic bids - down only,9/13/22,,fuse beads,1.00,,CPC,0,0,0,0.00,0.00,0,0,0.00,0,0,0,0,0.00,0,0,0.00,0,0,0,0,0,0,0,0.00
ARCHIVED,RV-FA22-4WFQ SP Phra 220913 mini48-2 12,CAMPAIGN_ARCHIVED,SP,Amazon,MANUAL,Dynamic bids - down only,9/13/22,,fuse beads,1.00,,CPC,0,0,0,0.00,0.00,0,0,0.00,0,0,0,0,0.00,0,0,0.00,0,0,0,0,0,0,0,0.00
ARCHIVED,RV-FA22-4WFQ SP Exac 220913 mini48-2 4,CAMPAIGN_ARCHIVED,SP,Amazon,MANUAL,Dynamic bids - down only,9/13/22,,fuse beads,1.00,,CPC,0,0,0,0.00,0.00,0,0,0.00,0,0,0,0,0.00,0,0,0.00,0,0,0,0,0,0,0,0.00
ARCHIVED,RV-FA22-4WFQ SP Prod 220913 mini48-2 3,CAMPAIGN_ARCHIVED,SP,Amazon,MANUAL,Dynamic bids - down only,9/13/22,,fuse beads,1.00,,CPC,0,0,0,0.00,0.00,0,0,0.00,0,0,0,0,0.00,0,0,0.00,0,0,0,0,0,0,0,0.00
ARCHIVED,RV-FA22-4WFQ SP Exac 220913 mini48-2 26,CAMPAIGN_ARCHIVED,SP,Amazon,MANUAL,Dynamic bids - down only,9/13/22,,fuse beads,1.00,,CPC,0,0,0,0.00,0.00,0,0,0.00,0,0,0,0,0.00,0,0,0.00,0,0,0,0,0,0,0,0.00
ARCHIVED,RV-FA22-4WFQ SP AuCl 220913 mini48-2 1,CAMPAIGN_ARCHIVED,SP,Amazon,AUTOMATIC,Dynamic bids - down only,9/13/22,,fuse beads,1.00,,CPC,0,0,0,0.00,0.00,0,0,0.00,0,0,0,0,0.00,0,0,0.00,0,0,0,0,0,0,0,0.00
ARCHIVED,RV-FA22-4WFQ SP Exac 220913 mini48-2 5,CAMPAIGN_ARCHIVED,SP,Amazon,MANUAL,Dynamic bids - down only,9/13/22,,fuse beads,1.00,,CPC,0,0,0,0.00,0.00,0,0,0.00,0,0,0,0,0.00,0,0,0.00,0,0,0,0,0,0,0,0.00
ARCHIVED,RV-FA22-4WFQ SP AuLo 220913 mini48-2 1,CAMPAIGN_ARCHIVED,SP,Amazon,AUTOMATIC,Dynamic bids - down only,9/13/22,,fuse beads,1.00,,CPC,0,0,0,0.00,0.00,0,0,0.00,0,0,0,0,0.00,0,0,0.00,0,0,0,0,0,0,0,0.00
ARCHIVED,RV-FA22-4WFQ SP AuCo 220913 mini48-2 1,CAMPAIGN_ARCHIVED,SP,Amazon,AUTOMATIC,Dynamic bids - down only,9/13/22,,fuse beads,1.00,,CPC,0,0,0,0.00,0.00,0,0,0.00,0,0,0,0,0.00,0,0,0.00,0,0,0,0,0,0,0,0.00
ARCHIVED,RV-FA22-4WFQ SP Broa 220913 mini48-2 1,CAMPAIGN_ARCHIVED,SP,Amazon,MANUAL,Dynamic bids - down only,9/13/22,,fuse beads,1.00,,CPC,0,0,0,0.00,0.00,0,0,0.00,0,0,0,0,0.00,0,0,0.00,0,0,0,0,0,0,0,0.00
ARCHIVED,RV-FA22-4WFQ SP Exac 220913 mini48-2 27,CAMPAIGN_ARCHIVED,SP,Amazon,MANUAL,Dynamic bids - down only,9/13/22,,fuse beads,1.00,,CPC,0,0,0,0.00,0.00,0,0,0.00,0,0,0,0,0.00,0,0,0.00,0,0,0,0,0,0,0,0.00
ARCHIVED,RV-FA22-4WFQ SP Prod 220913 mini48-2 4,CAMPAIGN_ARCHIVED,SP,Amazon,MANUAL,Dynamic bids - down only,9/13/22,,fuse beads,1.00,,CPC,0,0,0,0.00,0.00,0,0,0.00,0,0,0,0,0.00,0,0,0.00,0,0,0,0,0,0,0,0.00
ARCHIVED,RV-FA22-4WFQ SP AuSu 220913 mini48-2 1,CAMPAIGN_ARCHIVED,SP,Amazon,AUTOMATIC,Dynamic bids - down only,9/13/22,,fuse beads,1.00,,CPC,0,0,0,0.00,0.00,0,0,0.00,0,0,0,0,0.00,0,0,0.00,0,0,0,0,0,0,0,0.00
ARCHIVED,RV-FA22-4WFQ SP Exac 220913 mini48-2 6,CAMPAIGN_ARCHIVED,SP,Amazon,MANUAL,Dynamic bids - down only,9/13/22,,fuse beads,1.00,,CPC,0,0,0,0.00,0.00,0,0,0.00,0,0,0,0,0.00,0,0,0.00,0,0,0,0,0,0,0,0.00
ARCHIVED,RV-FA22-4WFQ SP Exac 220913 mini48-2 28,CAMPAIGN_ARCHIVED,SP,Amazon,MANUAL,Dynamic bids - down only,9/13/22,,fuse beads,1.00,,CPC,0,0,0,0.00,0.00,0,0,0.00,0,0,0,0,0.00,0,0,0.00,0,0,0,0,0,0,0,0.00
ARCHIVED,RV-FA22-4WFQ SP Phra 220913 mini48-2 1,CAMPAIGN_ARCHIVED,SP,Amazon,MANUAL,Dynamic bids - down only,9/13/22,,fuse beads,1.00,,CPC,0,0,0,0.00,0.00,0,0,0.00,0,0,0,0,0.00,0,0,0.00,0,0,0,0,0,0,0,0.00
ARCHIVED,RV-FA22-4WFQ SP Exac 220913 mini48-2 7,CAMPAIGN_ARCHIVED,SP,Amazon,MANUAL,Dynamic bids - down only,9/13/22,,fuse beads,1.00,,CPC,0,0,0,0.00,0.00,0,0,0.00,0,0,0,0,0.00,0,0,0.00,0,0,0,0,0,0,0,0.00
ARCHIVED,RV-FA22-4WFQ SP Broa 220913 mini48-2 10,CAMPAIGN_ARCHIVED,SP,Amazon,MANUAL,Dynamic bids - down only,9/13/22,,fuse beads,1.00,,CPC,0,0,0,0.00,0.00,0,0,0.00,0,0,0,0,0.00,0,0,0.00,0,0,0,0,0,0,0,0.00
ARCHIVED,RV-FA22-4WFQ SP Exac 220913 mini48-2 29,CAMPAIGN_ARCHIVED,SP,Amazon,MANUAL,Dynamic bids - down only,9/13/22,,fuse beads,1.00,,CPC,0,0,0,0.00,0.00,0,0,0.00,0,0,0,0,0.00,0,0,0.00,0,0,0,0,0,0,0,0.00
ARCHIVED,RV-FA22-4WFQ SP Exac 220913 mini48-2 8,CAMPAIGN_ARCHIVED,SP,Amazon,MANUAL,Dynamic bids - down only,9/13/22,,fuse beads,1.00,,CPC,0,0,0,0.00,0.00,0,0,0.00,0,0,0,0,0.00,0,0,0.00,0,0,0,0,0,0,0,0.00
ARCHIVED,RV-FA22-4WFQ SP Phra 220913 mini48-2 2,CAMPAIGN_ARCHIVED,SP,Amazon,MANUAL,Dynamic bids - down only,9/13/22,,fuse beads,1.00,,CPC,0,0,0,0.00,0.00,0,0,0.00,0,0,0,0,0.00,0,0,0.00,0,0,0,0,0,0,0,0.00
ARCHIVED,RV-FA22-4WFQ SP Exac 220913 mini48-2 30,CAMPAIGN_ARCHIVED,SP,Amazon,MANUAL,Dynamic bids - down only,9/13/22,,fuse beads,1.00,,CPC,0,0,0,0.00,0.00,0,0,0.00,0,0,0,0,0.00,0,0,0.00,0,0,0,0,0,0,0,0.00
ARCHIVED,RV-FA22-4WFQ SP Exac 220913 mini48-2 9,CAMPAIGN_ARCHIVED,SP,Amazon,MANUAL,Dynamic bids - down only,9/13/22,,fuse beads,1.00,,CPC,0,0,0,0.00,0.00,0,0,0.00,0,0,0,0,0.00,0,0,0.00,0,0,0,0,0,0,0,0.00
ARCHIVED,RV-FA22-4WFQ SP Broa 220913 mini48-2 8,CAMPAIGN_ARCHIVED,SP,Amazon,MANUAL,Dynamic bids - down only,9/13/22,,fuse beads,1.00,,CPC,0,0,0,0.00,0.00,0,0,0.00,0,0,0,0,0.00,0,0,0.00,0,0,0,0,0,0,0,0.00
ARCHIVED,RV-FA22-4WFQ SP Exac 220913 mini48-2 31,CAMPAIGN_ARCHIVED,SP,Amazon,MANUAL,Dynamic bids - down only,9/13/22,,fuse beads,1.00,,CPC,0,0,0,0.00,0.00,0,0,0.00,0,0,0,0,0.00,0,0,0.00,0,0,0,0,0,0,0,0.00
ARCHIVED,RV-FA22-4WFQ SP Exac 220913 mini48-2 10,CAMPAIGN_ARCHIVED,SP,Amazon,MANUAL,Dynamic bids - down only,9/13/22,,fuse beads,1.00,,CPC,0,0,0,0.00,0.00,0,0,0.00,0,0,0,0,0.00,0,0,0.00,0,0,0,0,0,0,0,0.00
ARCHIVED,RV-FA22-4WFQ SP Phra 220913 mini48-2 3,CAMPAIGN_ARCHIVED,SP,Amazon,MANUAL,Dynamic bids - down only,9/13/22,,fuse beads,1.00,,CPC,0,0,0,0.00,0.00,0,0,0.00,0,0,0,0,0.00,0,0,0.00,0,0,0,0,0,0,0,0.00
ARCHIVED,RV-FA22-4WFQ SP Exac 220913 mini48-2 32,CAMPAIGN_ARCHIVED,SP,Amazon,MANUAL,Dynamic bids - down only,9/13/22,,fuse beads,1.00,,CPC,0,0,0,0.00,0.00,0,0,0.00,0,0,0,0,0.00,0,0,0.00,0,0,0,0,0,0,0,0.00
ARCHIVED,RV-FA22-4WFQ SP Exac 220913 mini48-2 11,CAMPAIGN_ARCHIVED,SP,Amazon,MANUAL,Dynamic bids - down only,9/13/22,,fuse beads,1.00,,CPC,0,0,0,0.00,0.00,0,0,0.00,0,0,0,0,0.00,0,0,0.00,0,0,0,0,0,0,0,0.00
ARCHIVED,RV-FA22-4WFQ SP Broa 220913 mini48-2 6,CAMPAIGN_ARCHIVED,SP,Amazon,MANUAL,Dynamic bids - down only,9/13/22,,fuse beads,1.00,,CPC,0,0,0,0.00,0.00,0,0,0.00,0,0,0,0,0.00,0,0,0.00,0,0,0,0,0,0,0,0.00
ARCHIVED,RV-FA22-4WFQ SP Exac 220913 mini48-2 33,CAMPAIGN_ARCHIVED,SP,Amazon,MANUAL,Dynamic bids - down only,9/13/22,,fuse beads,1.00,,CPC,0,0,0,0.00,0.00,0,0,0.00,0,0,0,0,0.00,0,0,0.00,0,0,0,0,0,0,0,0.00
ARCHIVED,RV-FA22-4WFQ SP Phra 220913 mini48-2 4,CAMPAIGN_ARCHIVED,SP,Amazon,MANUAL,Dynamic bids - down only,9/13/22,,fuse beads,1.00,,CPC,0,0,0,0.00,0.00,0,0,0.00,0,0,0,0,0.00,0,0,0.00,0,0,0,0,0,0,0,0.00
ARCHIVED,RV-FA22-4WFQ SP Exac 220913 mini48-2 12,CAMPAIGN_ARCHIVED,SP,Amazon,MANUAL,Dynamic bids - down only,9/13/22,,fuse beads,1.00,,CPC,0,0,0,0.00,0.00,0,0,0.00,0,0,0,0,0.00,0,0,0.00,0,0,0,0,0,0,0,0.00
ARCHIVED,RV-FA22-4WFQ SP Exac 220913 mini48-2 34,CAMPAIGN_ARCHIVED,SP,Amazon,MANUAL,Dynamic bids - down only,9/13/22,,fuse beads,1.00,,CPC,0,0,0,0.00,0.00,0,0,0.00,0,0,0,0,0.00,0,0,0.00,0,0,0,0,0,0,0,0.00
ARCHIVED,RV-FA22-4WFQ SP Exac 220913 mini48-2 13,CAMPAIGN_ARCHIVED,SP,Amazon,MANUAL,Dynamic bids - down only,9/13/22,,fuse beads,1.00,,CPC,0,0,0,0.00,0.00,0,0,0.00,0,0,0,0,0.00,0,0,0.00,0,0,0,0,0,0,0,0.00
ARCHIVED,RV-FA22-4WFQ SP Broa 220913 mini48-2 4,CAMPAIGN_ARCHIVED,SP,Amazon,MANUAL,Dynamic bids - down only,9/13/22,,fuse beads,1.00,,CPC,0,0,0,0.00,0.00,0,0,0.00,0,0,0,0,0.00,0,0,0.00,0,0,0,0,0,0,0,0.00
ARCHIVED,RV-FA22-4WFQ SP Phra 220913 mini48-2 5,CAMPAIGN_ARCHIVED,SP,Amazon,MANUAL,Dynamic bids - down only,9/13/22,,fuse beads,1.00,,CPC,0,0,0,0.00,0.00,0,0,0.00,0,0,0,0,0.00,0,0,0.00,0,0,0,0,0,0,0,0.00
ARCHIVED,RV-FA22-4WFQ SP Exac 220913 mini48-2 35,CAMPAIGN_ARCHIVED,SP,Amazon,MANUAL,Dynamic bids - down only,9/13/22,,fuse beads,1.00,,CPC,0,0,0,0.00,0.00,0,0,0.00,0,0,0,0,0.00,0,0,0.00,0,0,0,0,0,0,0,0.00
ARCHIVED,RV-FA22-4WFQ SP Exac 220913 mini48-2 14,CAMPAIGN_ARCHIVED,SP,Amazon,MANUAL,Dynamic bids - down only,9/13/22,,fuse beads,1.00,,CPC,0,0,0,0.00,0.00,0,0,0.00,0,0,0,0,0.00,0,0,0.00,0,0,0,0,0,0,0,0.00
ARCHIVED,RV-FA22-4WFQ SP Exac 220913 mini48-2 36,CAMPAIGN_ARCHIVED,SP,Amazon,MANUAL,Dynamic bids - down only,9/13/22,,fuse beads,1.00,,CPC,0,0,0,0.00,0.00,0,0,0.00,0,0,0,0,0.00,0,0,0.00,0,0,0,0,0,0,0,0.00
ARCHIVED,RV-FA22-4WFQ SP Exac 220913 mini48-2 15,CAMPAIGN_ARCHIVED,SP,Amazon,MANUAL,Dynamic bids - down only,9/13/22,,fuse beads,1.00,,CPC,0,0,0,0.00,0.00,0,0,0.00,0,0,0,0,0.00,0,0,0.00,0,0,0,0,0,0,0,0.00
ARCHIVED,RV-FA22-4WFQ SP Phra 220913 mini48-2 6,CAMPAIGN_ARCHIVED,SP,Amazon,MANUAL,Dynamic bids - down only,9/13/22,,fuse beads,1.00,,CPC,0,0,0,0.00,0.00,0,0,0.00,0,0,0,0,0.00,0,0,0.00,0,0,0,0,0,0,0,0.00
ARCHIVED,RV-FA22-4WFQ SP Broa 220913 mini48-2 2,CAMPAIGN_ARCHIVED,SP,Amazon,MANUAL,Dynamic bids - down only,9/13/22,,fuse beads,1.00,,CPC,0,0,0,0.00,0.00,0,0,0.00,0,0,0,0,0.00,0,0,0.00,0,0,0,0,0,0,0,0.00
ARCHIVED,RV-FA22-4WFQ SP Exac 220913 mini48-2 37,CAMPAIGN_ARCHIVED,SP,Amazon,MANUAL,Dynamic bids - down only,9/13/22,,fuse beads,1.00,,CPC,0,0,0,0.00,0.00,0,0,0.00,0,0,0,0,0.00,0,0,0.00,0,0,0,0,0,0,0,0.00
ARCHIVED,RV-FA22-4WFQ SP Exac 220913 mini48-2 16,CAMPAIGN_ARCHIVED,SP,Amazon,MANUAL,Dynamic bids - down only,9/13/22,,fuse beads,1.00,,CPC,0,0,0,0.00,0.00,0,0,0.00,0,0,0,0,0.00,0,0,0.00,0,0,0,0,0,0,0,0.00
ARCHIVED,RV-FA22-4WFQ SP Exac 220913 mini48-2 38,CAMPAIGN_ARCHIVED,SP,Amazon,MANUAL,Dynamic bids - down only,9/13/22,,fuse beads,1.00,,CPC,0,0,0,0.00,0.00,0,0,0.00,0,0,0,0,0.00,0,0,0.00,0,0,0,0,0,0,0,0.00
ARCHIVED,RV-FA22-4WFQ SP Phra 220913 mini48-2 7,CAMPAIGN_ARCHIVED,SP,Amazon,MANUAL,Dynamic bids - down only,9/13/22,,fuse beads,1.00,,CPC,0,0,0,0.00,0.00,0,0,0.00,0,0,0,0,0.00,0,0,0.00,0,0,0,0,0,0,0,0.00
ARCHIVED,RV-FA22-4WFQ SP Broa 220913 mini48-2 11,CAMPAIGN_ARCHIVED,SP,Amazon,MANUAL,Dynamic bids - down only,9/13/22,,fuse beads,1.00,,CPC,0,0,0,0.00,0.00,0,0,0.00,0,0,0,0,0.00,0,0,0.00,0,0,0,0,0,0,0,0.00
ARCHIVED,RV-FA22-4WFQ SP Exac 220913 mini48-2 17,CAMPAIGN_ARCHIVED,SP,Amazon,MANUAL,Dynamic bids - down only,9/13/22,,fuse beads,1.00,,CPC,0,0,0,0.00,0.00,0,0,0.00,0,0,0,0,0.00,0,0,0.00,0,0,0,0,0,0,0,0.00
ARCHIVED,RV-FA22-4WFQ SP Exac 220913 mini48-2 39,CAMPAIGN_ARCHIVED,SP,Amazon,MANUAL,Dynamic bids - down only,9/13/22,,fuse beads,1.00,,CPC,0,0,0,0.00,0.00,0,0,0.00,0,0,0,0,0.00,0,0,0.00,0,0,0,0,0,0,0,0.00
ARCHIVED,RV-FA22-4WFQ SP Exac 220913 mini48-2 18,CAMPAIGN_ARCHIVED,SP,Amazon,MANUAL,Dynamic bids - down only,9/13/22,,fuse beads,1.00,,CPC,0,0,0,0.00,0.00,0,0,0.00,0,0,0,0,0.00,0,0,0.00,0,0,0,0,0,0,0,0.00
ARCHIVED,RV-FA22-4WFQ SP Phra 220913 mini48-2 8,CAMPAIGN_ARCHIVED,SP,Amazon,MANUAL,Dynamic bids - down only,9/13/22,,fuse beads,1.00,,CPC,0,0,0,0.00,0.00,0,0,0.00,0,0,0,0,0.00,0,0,0.00,0,0,0,0,0,0,0,0.00
ARCHIVED,RV-FA22-4WFQ SP Exac 220913 mini48-2 40,CAMPAIGN_ARCHIVED,SP,Amazon,MANUAL,Dynamic bids - down only,9/13/22,,fuse beads,1.00,,CPC,0,0,0,0.00,0.00,0,0,0.00,0,0,0,0,0.00,0,0,0.00,0,0,0,0,0,0,0,0.00
ARCHIVED,RV-FA22-4WFQ SP Broa 220913 mini48-2 9,CAMPAIGN_ARCHIVED,SP,Amazon,MANUAL,Dynamic bids - down only,9/13/22,,fuse beads,1.00,,CPC,0,0,0,0.00,0.00,0,0,0.00,0,0,0,0,0.00,0,0,0.00,0,0,0,0,0,0,0,0.00
ARCHIVED,RV-FA22-4WFQ SP Exac 220913 mini48-2 19,CAMPAIGN_ARCHIVED,SP,Amazon,MANUAL,Dynamic bids - down only,9/13/22,,fuse beads,1.00,,CPC,0,0,0,0.00,0.00,0,0,0.00,0,0,0,0,0.00,0,0,0.00,0,0,0,0,0,0,0,0.00
ARCHIVED,RV-FA22-4WFQ SP Exac 220913 mini48-2 41,CAMPAIGN_ARCHIVED,SP,Amazon,MANUAL,Dynamic bids - down only,9/13/22,,fuse beads,1.00,,CPC,0,0,0,0.00,0.00,0,0,0.00,0,0,0,0,0.00,0,0,0.00,0,0,0,0,0,0,0,0.00
ARCHIVED,RV-FA22-4WFQ SP Exac 220913 mini48-2 20,CAMPAIGN_ARCHIVED,SP,Amazon,MANUAL,Dynamic bids - down only,9/13/22,,fuse beads,1.00,,CPC,0,0,0,0.00,0.00,0,0,0.00,0,0,0,0,0.00,0,0,0.00,0,0,0,0,0,0,0,0.00
ARCHIVED,RV-FA22-4WFQ SP Phra 220913 mini48-2 9,CAMPAIGN_ARCHIVED,SP,Amazon,MANUAL,Dynamic bids - down only,9/13/22,,fuse beads,1.00,,CPC,0,0,0,0.00,0.00,0,0,0.00,0,0,0,0,0.00,0,0,0.00,0,0,0,0,0,0,0,0.00
ARCHIVED,RV-FA22-4WFQ SP Exac 220913 mini48-2 42,CAMPAIGN_ARCHIVED,SP,Amazon,MANUAL,Dynamic bids - down only,9/13/22,,fuse beads,1.00,,CPC,0,0,0,0.00,0.00,0,0,0.00,0,0,0,0,0.00,0,0,0.00,0,0,0,0,0,0,0,0.00
ARCHIVED,RV-FA22-4WFQ SP Broa 220913 mini48-2 7,CAMPAIGN_ARCHIVED,SP,Amazon,MANUAL,Dynamic bids - down only,9/13/22,,fuse beads,1.00,,CPC,0,0,0,0.00,0.00,0,0,0.00,0,0,0,0,0.00,0,0,0.00,0,0,0,0,0,0,0,0.00
ARCHIVED,RV-FA22-4WFQ SP Exac 220913 mini48-2 21,CAMPAIGN_ARCHIVED,SP,Amazon,MANUAL,Dynamic bids - down only,9/13/22,,fuse beads,1.00,,CPC,0,0,0,0.00,0.00,0,0,0.00,0,0,0,0,0.00,0,0,0.00,0,0,0,0,0,0,0,0.00
ARCHIVED,RV-FA22-4WFQ SP Exac 220913 mini48-2 43,CAMPAIGN_ARCHIVED,SP,Amazon,MANUAL,Dynamic bids - down only,9/13/22,,fuse beads,1.00,,CPC,0,0,0,0.00,0.00,0,0,0.00,0,0,0,0,0.00,0,0,0.00,0,0,0,0,0,0,0,0.00
ARCHIVED,RV-FA22-4WFQ SP Phra 220913 mini48-2 10,CAMPAIGN_ARCHIVED,SP,Amazon,MANUAL,Dynamic bids - down only,9/13/22,,fuse beads,1.00,,CPC,0,0,0,0.00,0.00,0,0,0.00,0,0,0,0,0.00,0,0,0.00,0,0,0,0,0,0,0,0.00
ARCHIVED,RV-FA22-4WFQ SP Exac 220916 mini483 1,CAMPAIGN_ARCHIVED,SP,Amazon,MANUAL,Dynamic bids - down only,9/16/22,,fuse beads,2.00,,CPC,0,0,0,0.00,0.00,0,0,0.00,0,0,0,0,0.00,0,0,0.00,0,0,0,0,0,0,0,0.00
ARCHIVED,RV-FA22-4WFQ SP Exac 220916 mini483 2,CAMPAIGN_ARCHIVED,SP,Amazon,MANUAL,Dynamic bids - down only,9/16/22,,fuse beads,2.00,,CPC,0,0,0,0.00,0.00,0,0,0.00,0,0,0,0,0.00,0,0,0.00,0,0,0,0,0,0,0,0.00
ARCHIVED,RV-FA22-4WFQ SP Exac 220916 mini483 3,CAMPAIGN_ARCHIVED,SP,Amazon,MANUAL,Dynamic bids - down only,9/16/22,,fuse beads,2.00,,CPC,0,0,0,0.00,0.00,0,0,0.00,0,0,0,0,0.00,0,0,0.00,0,0,0,0,0,0,0,0.00
ARCHIVED,RV-FA22-4WFQ SP Exac 220916 mini483 4,CAMPAIGN_ARCHIVED,SP,Amazon,MANUAL,Dynamic bids - down only,9/16/22,,fuse beads,2.00,,CPC,0,0,0,0.00,0.00,0,0,0.00,0,0,0,0,0.00,0,0,0.00,0,0,0,0,0,0,0,0.00
ARCHIVED,RV-FA22-4WFQ SP Exac 220916 mini483 5,CAMPAIGN_ARCHIVED,SP,Amazon,MANUAL,Dynamic bids - down only,9/16/22,,fuse beads,2.00,,CPC,0,0,0,0.00,0.00,0,0,0.00,0,0,0,0,0.00,0,0,0.00,0,0,0,0,0,0,0,0.00
ARCHIVED,RV-FA22-4WFQ SP Exac 220916 mini483 6,CAMPAIGN_ARCHIVED,SP,Amazon,MANUAL,Dynamic bids - down only,9/16/22,,fuse beads,2.00,,CPC,0,0,0,0.00,0.00,0,0,0.00,0,0,0,0,0.00,0,0,0.00,0,0,0,0,0,0,0,0.00
ARCHIVED,RV-FA22-4WFQ SP Exac 220916 mini483 7,CAMPAIGN_ARCHIVED,SP,Amazon,MANUAL,Dynamic bids - down only,9/16/22,,fuse beads,2.00,,CPC,0,0,0,0.00,0.00,0,0,0.00,0,0,0,0,0.00,0,0,0.00,0,0,0,0,0,0,0,0.00
ARCHIVED,RV-FA22-4WFQ SP Exac 220916 mini483 8,CAMPAIGN_ARCHIVED,SP,Amazon,MANUAL,Dynamic bids - down only,9/16/22,,fuse beads,2.00,,CPC,0,0,0,0.00,0.00,0,0,0.00,0,0,0,0,0.00,0,0,0.00,0,0,0,0,0,0,0,0.00
ARCHIVED,RV-FA22-4WFQ SP Exac 220916 mini483 9,CAMPAIGN_ARCHIVED,SP,Amazon,MANUAL,Dynamic bids - down only,9/16/22,,fuse beads,2.00,,CPC,0,0,0,0.00,0.00,0,0,0.00,0,0,0,0,0.00,0,0,0.00,0,0,0,0,0,0,0,0.00
ARCHIVED,RV-FA22-4WFQ SP Exac 220916 mini483 10,CAMPAIGN_ARCHIVED,SP,Amazon,MANUAL,Dynamic bids - down only,9/16/22,,fuse beads,2.00,,CPC,0,0,0,0.00,0.00,0,0,0.00,0,0,0,0,0.00,0,0,0.00,0,0,0,0,0,0,0,0.00
ARCHIVED,RV-FA22-4WFQ SP Exac 220916 mini483 11,CAMPAIGN_ARCHIVED,SP,Amazon,MANUAL,Dynamic bids - down only,9/16/22,,fuse beads,2.00,,CPC,0,0,0,0.00,0.00,0,0,0.00,0,0,0,0,0.00,0,0,0.00,0,0,0,0,0,0,0,0.00
ARCHIVED,RV-FA22-4WFQ SP Exac 220916 mini483 12,CAMPAIGN_ARCHIVED,SP,Amazon,MANUAL,Dynamic bids - down only,9/16/22,,fuse beads,2.00,,CPC,0,0,0,0.00,0.00,0,0,0.00,0,0,0,0,0.00,0,0,0.00,0,0,0,0,0,0,0,0.00
ARCHIVED,RV-FA22-4WFQ SP Exac 220916 mini483 13,CAMPAIGN_ARCHIVED,SP,Amazon,MANUAL,Dynamic bids - down only,9/16/22,,fuse beads,2.00,,CPC,0,0,0,0.00,0.00,0,0,0.00,0,0,0,0,0.00,0,0,0.00,0,0,0,0,0,0,0,0.00
ARCHIVED,RV-FA22-4WFQ SP Exac 220916 mini483 14,CAMPAIGN_ARCHIVED,SP,Amazon,MANUAL,Dynamic bids - down only,9/16/22,,fuse beads,2.00,,CPC,0,0,0,0.00,0.00,0,0,0.00,0,0,0,0,0.00,0,0,0.00,0,0,0,0,0,0,0,0.00
ARCHIVED,RV-FA22-4WFQ SP Exac 220916 mini483 15,CAMPAIGN_ARCHIVED,SP,Amazon,MANUAL,Dynamic bids - down only,9/16/22,,fuse beads,2.00,,CPC,0,0,0,0.00,0.00,0,0,0.00,0,0,0,0,0.00,0,0,0.00,0,0,0,0,0,0,0,0.00
ARCHIVED,RV-FA22-4WFQ SP Exac 220916 mini483 16,CAMPAIGN_ARCHIVED,SP,Amazon,MANUAL,Dynamic bids - down only,9/16/22,,fuse beads,2.00,,CPC,0,0,0,0.00,0.00,0,0,0.00,0,0,0,0,0.00,0,0,0.00,0,0,0,0,0,0,0,0.00
ARCHIVED,RV-FA22-4WFQ SP Exac 220916 mini483 17,CAMPAIGN_ARCHIVED,SP,Amazon,MANUAL,Dynamic bids - down only,9/16/22,,fuse beads,2.00,,CPC,0,0,0,0.00,0.00,0,0,0.00,0,0,0,0,0.00,0,0,0.00,0,0,0,0,0,0,0,0.00
ARCHIVED,RV-FA22-4WFQ SP Exac 220916 mini483 18,CAMPAIGN_ARCHIVED,SP,Amazon,MANUAL,Dynamic bids - down only,9/16/22,,fuse beads,2.00,,CPC,0,0,0,0.00,0.00,0,0,0.00,0,0,0,0,0.00,0,0,0.00,0,0,0,0,0,0,0,0.00
ARCHIVED,RV-FA22-4WFQ SP Exac 220916 mini483 19,CAMPAIGN_ARCHIVED,SP,Amazon,MANUAL,Dynamic bids - down only,9/16/22,,fuse beads,2.00,,CPC,0,0,0,0.00,0.00,0,0,0.00,0,0,0,0,0.00,0,0,0.00,0,0,0,0,0,0,0,0.00
ARCHIVED,RV-FA22-4WFQ SP Exac 220916 mini483 20,CAMPAIGN_ARCHIVED,SP,Amazon,MANUAL,Dynamic bids - down only,9/16/22,,fuse beads,2.00,,CPC,0,0,0,0.00,0.00,0,0,0.00,0,0,0,0,0.00,0,0,0.00,0,0,0,0,0,0,0,0.00
ARCHIVED,RV-FA22-4WFQ SP Exac 220916 mini483 21,CAMPAIGN_ARCHIVED,SP,Amazon,MANUAL,Dynamic bids - down only,9/16/22,,fuse beads,2.00,,CPC,0,0,0,0.00,0.00,0,0,0.00,0,0,0,0,0.00,0,0,0.00,0,0,0,0,0,0,0,0.00
ARCHIVED,RV-FA22-4WFQ SP Exac 220916 mini483 22,CAMPAIGN_ARCHIVED,SP,Amazon,MANUAL,Dynamic bids - down only,9/16/22,,fuse beads,2.00,,CPC,0,0,0,0.00,0.00,0,0,0.00,0,0,0,0,0.00,0,0,0.00,0,0,0,0,0,0,0,0.00
ARCHIVED,RV-FA22-4WFQ SP Exac 220916 mini483 23,CAMPAIGN_ARCHIVED,SP,Amazon,MANUAL,Dynamic bids - down only,9/16/22,,fuse beads,2.00,,CPC,0,0,0,0.00,0.00,0,0,0.00,0,0,0,0,0.00,0,0,0.00,0,0,0,0,0,0,0,0.00
ARCHIVED,RV-FA22-4WFQ SP Exac 220916 mini483 24,CAMPAIGN_ARCHIVED,SP,Amazon,MANUAL,Dynamic bids - down only,9/16/22,,fuse beads,2.00,,CPC,0,0,0,0.00,0.00,0,0,0.00,0,0,0,0,0.00,0,0,0.00,0,0,0,0,0,0,0,0.00
ARCHIVED,RV-FA22-4WFQ SP Exac 220916 mini483 25,CAMPAIGN_ARCHIVED,SP,Amazon,MANUAL,Dynamic bids - down only,9/16/22,,fuse beads,2.00,,CPC,0,0,0,0.00,0.00,0,0,0.00,0,0,0,0,0.00,0,0,0.00,0,0,0,0,0,0,0,0.00
ARCHIVED,RV-FA22-4WFQ SP Exac 220916 mini483 26,CAMPAIGN_ARCHIVED,SP,Amazon,MANUAL,Dynamic bids - down only,9/16/22,,fuse beads,2.00,,CPC,0,0,0,0.00,0.00,0,0,0.00,0,0,0,0,0.00,0,0,0.00,0,0,0,0,0,0,0,0.00
ARCHIVED,RV-FA22-4WFQ SP Exac 220916 mini483 27,CAMPAIGN_ARCHIVED,SP,Amazon,MANUAL,Dynamic bids - down only,9/16/22,,fuse beads,2.00,,CPC,0,0,0,0.00,0.00,0,0,0.00,0,0,0,0,0.00,0,0,0.00,0,0,0,0,0,0,0,0.00
ARCHIVED,RV-FA22-4WFQ SP Exac 220916 mini483 28,CAMPAIGN_ARCHIVED,SP,Amazon,MANUAL,Dynamic bids - down only,9/16/22,,fuse beads,2.00,,CPC,0,0,0,0.00,0.00,0,0,0.00,0,0,0,0,0.00,0,0,0.00,0,0,0,0,0,0,0,0.00
ARCHIVED,RV-FA22-4WFQ SP Exac 220916 mini483 29,CAMPAIGN_ARCHIVED,SP,Amazon,MANUAL,Dynamic bids - down only,9/16/22,,fuse beads,2.00,,CPC,0,0,0,0.00,0.00,0,0,0.00,0,0,0,0,0.00,0,0,0.00,0,0,0,0,0,0,0,0.00
ARCHIVED,RV-FA22-4WFQ SP Exac 220916 mini483 30,CAMPAIGN_ARCHIVED,SP,Amazon,MANUAL,Dynamic bids - down only,9/16/22,,fuse beads,2.00,,CPC,0,0,0,0.00,0.00,0,0,0.00,0,0,0,0,0.00,0,0,0.00,0,0,0,0,0,0,0,0.00
ARCHIVED,RV-FA22-4WFQ SP Exac 220916 mini483 31,CAMPAIGN_ARCHIVED,SP,Amazon,MANUAL,Dynamic bids - down only,9/16/22,,fuse beads,2.00,,CPC,0,0,0,0.00,0.00,0,0,0.00,0,0,0,0,0.00,0,0,0.00,0,0,0,0,0,0,0,0.00
ARCHIVED,RV-FA22-4WFQ SP Exac 220916 mini483 32,CAMPAIGN_ARCHIVED,SP,Amazon,MANUAL,Dynamic bids - down only,9/16/22,,fuse beads,2.00,,CPC,0,0,0,0.00,0.00,0,0,0.00,0,0,0,0,0.00,0,0,0.00,0,0,0,0,0,0,0,0.00
ARCHIVED,RV-FA22-4WFQ SP Exac 220916 mini483 33,CAMPAIGN_ARCHIVED,SP,Amazon,MANUAL,Dynamic bids - down only,9/16/22,,fuse beads,2.00,,CPC,0,0,0,0.00,0.00,0,0,0.00,0,0,0,0,0.00,0,0,0.00,0,0,0,0,0,0,0,0.00
ARCHIVED,RV-FA22-4WFQ SP Exac 220916 mini483 34,CAMPAIGN_ARCHIVED,SP,Amazon,MANUAL,Dynamic bids - down only,9/16/22,,fuse beads,2.00,,CPC,0,0,0,0.00,0.00,0,0,0.00,0,0,0,0,0.00,0,0,0.00,0,0,0,0,0,0,0,0.00
ARCHIVED,RV-FA22-4WFQ SP Exac 220916 mini483 35,CAMPAIGN_ARCHIVED,SP,Amazon,MANUAL,Dynamic bids - down only,9/16/22,,fuse beads,2.00,,CPC,0,0,0,0.00,0.00,0,0,0.00,0,0,0,0,0.00,0,0,0.00,0,0,0,0,0,0,0,0.00
ARCHIVED,RV-FA22-4WFQ SP Exac 220916 mini483 36,CAMPAIGN_ARCHIVED,SP,Amazon,MANUAL,Dynamic bids - down only,9/16/22,,fuse beads,2.00,,CPC,0,0,0,0.00,0.00,0,0,0.00,0,0,0,0,0.00,0,0,0.00,0,0,0,0,0,0,0,0.00
ARCHIVED,RV-FA22-4WFQ SP Exac 220916 mini483 37,CAMPAIGN_ARCHIVED,SP,Amazon,MANUAL,Dynamic bids - down only,9/16/22,,fuse beads,2.00,,CPC,0,0,0,0.00,0.00,0,0,0.00,0,0,0,0,0.00,0,0,0.00,0,0,0,0,0,0,0,0.00
ARCHIVED,RV-FA22-4WFQ SP Exac 220916 mini483 38,CAMPAIGN_ARCHIVED,SP,Amazon,MANUAL,Dynamic bids - down only,9/16/22,,fuse beads,2.00,,CPC,0,0,0,0.00,0.00,0,0,0.00,0,0,0,0,0.00,0,0,0.00,0,0,0,0,0,0,0,0.00
ARCHIVED,RV-FA22-4WFQ SP Exac 220916 mini483 39,CAMPAIGN_ARCHIVED,SP,Amazon,MANUAL,Dynamic bids - down only,9/16/22,,fuse beads,2.00,,CPC,0,0,0,0.00,0.00,0,0,0.00,0,0,0,0,0.00,0,0,0.00,0,0,0,0,0,0,0,0.00
ARCHIVED,RV-FA22-4WFQ SP Exac 220916 mini483 40,CAMPAIGN_ARCHIVED,SP,Amazon,MANUAL,Dynamic bids - down only,9/16/22,,fuse beads,2.00,,CPC,0,0,0,0.00,0.00,0,0,0.00,0,0,0,0,0.00,0,0,0.00,0,0,0,0,0,0,0,0.00
ARCHIVED,RV-FA22-4WFQ SP Exac 220916 mini483 41,CAMPAIGN_ARCHIVED,SP,Amazon,MANUAL,Dynamic bids - down only,9/16/22,,fuse beads,2.00,,CPC,0,0,0,0.00,0.00,0,0,0.00,0,0,0,0,0.00,0,0,0.00,0,0,0,0,0,0,0,0.00
ARCHIVED,RV-FA22-4WFQ SP Exac 220916 mini483 42,CAMPAIGN_ARCHIVED,SP,Amazon,MANUAL,Dynamic bids - down only,9/16/22,,fuse beads,2.00,,CPC,0,0,0,0.00,0.00,0,0,0.00,0,0,0,0,0.00,0,0,0.00,0,0,0,0,0,0,0,0.00
ARCHIVED,RV-FA22-4WFQ SP Exac 220916 mini483 43,CAMPAIGN_ARCHIVED,SP,Amazon,MANUAL,Dynamic bids - down only,9/16/22,,fuse beads,2.00,,CPC,0,0,0,0.00,0.00,0,0,0.00,0,0,0,0,0.00,0,0,0.00,0,0,0,0,0,0,0,0.00
ARCHIVED,RV-FA22-4WFQ SP Exac 220916 mini483 44,CAMPAIGN_ARCHIVED,SP,Amazon,MANUAL,Dynamic bids - down only,9/16/22,,fuse beads,2.00,,CPC,0,0,0,0.00,0.00,0,0,0.00,0,0,0,0,0.00,0,0,0.00,0,0,0,0,0,0,0,0.00
ARCHIVED,RV-FA22-4WFQ SP Prod 220916 mini48-2 1,CAMPAIGN_ARCHIVED,SP,Amazon,MANUAL,Dynamic bids - down only,9/16/22,,fuse beads,1.00,,CPC,0,0,0,0.00,0.00,0,0,0.00,0,0,0,0,0.00,0,0,0.00,0,0,0,0,0,0,0,0.00
ARCHIVED,RV-FA22-4WFQ SP Prod 220916 mini48-2 2,CAMPAIGN_ARCHIVED,SP,Amazon,MANUAL,Dynamic bids - down only,9/16/22,,fuse beads,1.00,,CPC,0,0,0,0.00,0.00,0,0,0.00,0,0,0,0,0.00,0,0,0.00,0,0,0,0,0,0,0,0.00
ARCHIVED,RV-FA22-4WFQ SP Prod 220916 mini48-2 3,CAMPAIGN_ARCHIVED,SP,Amazon,MANUAL,Dynamic bids - down only,9/16/22,,fuse beads,1.00,,CPC,0,0,0,0.00,0.00,0,0,0.00,0,0,0,0,0.00,0,0,0.00,0,0,0,0,0,0,0,0.00
ARCHIVED,RV-FA22-4WFQ SP Prod 220916 mini48-2 4,CAMPAIGN_ARCHIVED,SP,Amazon,MANUAL,Dynamic bids - down only,9/16/22,,fuse beads,1.00,,CPC,0,0,0,0.00,0.00,0,0,0.00,0,0,0,0,0.00,0,0,0.00,0,0,0,0,0,0,0,0.00
ARCHIVED,RV-FA22-4WFQ SP Phra 220916 mini48-2 1,CAMPAIGN_ARCHIVED,SP,Amazon,MANUAL,Dynamic bids - down only,9/16/22,,fuse beads,1.00,,CPC,0,0,0,0.00,0.00,0,0,0.00,0,0,0,0,0.00,0,0,0.00,0,0,0,0,0,0,0,0.00
ARCHIVED,RV-FA22-4WFQ SP Phra 220916 mini48-2 2,CAMPAIGN_ARCHIVED,SP,Amazon,MANUAL,Dynamic bids - down only,9/16/22,,fuse beads,1.00,,CPC,0,0,0,0.00,0.00,0,0,0.00,0,0,0,0,0.00,0,0,0.00,0,0,0,0,0,0,0,0.00
ARCHIVED,RV-FA22-4WFQ SP Phra 220916 mini48-2 3,CAMPAIGN_ARCHIVED,SP,Amazon,MANUAL,Dynamic bids - down only,9/16/22,,fuse beads,1.00,,CPC,0,0,0,0.00,0.00,0,0,0.00,0,0,0,0,0.00,0,0,0.00,0,0,0,0,0,0,0,0.00
ARCHIVED,RV-FA22-4WFQ SP Phra 220916 mini48-2 4,CAMPAIGN_ARCHIVED,SP,Amazon,MANUAL,Dynamic bids - down only,9/16/22,,fuse beads,1.00,,CPC,0,0,0,0.00,0.00,0,0,0.00,0,0,0,0,0.00,0,0,0.00,0,0,0,0,0,0,0,0.00
ARCHIVED,RV-FA22-4WFQ SP Phra 220916 mini48-2 5,CAMPAIGN_ARCHIVED,SP,Amazon,MANUAL,Dynamic bids - down only,9/16/22,,fuse beads,1.00,,CPC,0,0,0,0.00,0.00,0,0,0.00,0,0,0,0,0.00,0,0,0.00,0,0,0,0,0,0,0,0.00
ARCHIVED,RV-FA22-4WFQ SP Phra 220916 mini48-2 6,CAMPAIGN_ARCHIVED,SP,Amazon,MANUAL,Dynamic bids - down only,9/16/22,,fuse beads,1.00,,CPC,0,0,0,0.00,0.00,0,0,0.00,0,0,0,0,0.00,0,0,0.00,0,0,0,0,0,0,0,0.00
ARCHIVED,RV-FA22-4WFQ SP Phra 220916 mini48-2 7,CAMPAIGN_ARCHIVED,SP,Amazon,MANUAL,Dynamic bids - down only,9/16/22,,fuse beads,1.00,,CPC,0,0,0,0.00,0.00,0,0,0.00,0,0,0,0,0.00,0,0,0.00,0,0,0,0,0,0,0,0.00
ARCHIVED,RV-FA22-4WFQ SP Phra 220916 mini48-2 8,CAMPAIGN_ARCHIVED,SP,Amazon,MANUAL,Dynamic bids - down only,9/16/22,,fuse beads,1.00,,CPC,0,0,0,0.00,0.00,0,0,0.00,0,0,0,0,0.00,0,0,0.00,0,0,0,0,0,0,0,0.00
ARCHIVED,RV-FA22-4WFQ SP Phra 220916 mini48-2 9,CAMPAIGN_ARCHIVED,SP,Amazon,MANUAL,Dynamic bids - down only,9/16/22,,fuse beads,1.00,,CPC,0,0,0,0.00,0.00,0,0,0.00,0,0,0,0,0.00,0,0,0.00,0,0,0,0,0,0,0,0.00
ARCHIVED,RV-FA22-4WFQ SP Phra 220916 mini48-2 10,CAMPAIGN_ARCHIVED,SP,Amazon,MANUAL,Dynamic bids - down only,9/16/22,,fuse beads,1.00,,CPC,0,0,0,0.00,0.00,0,0,0.00,0,0,0,0,0.00,0,0,0.00,0,0,0,0,0,0,0,0.00
ARCHIVED,RV-FA22-4WFQ SP Phra 220916 mini48-2 11,CAMPAIGN_ARCHIVED,SP,Amazon,MANUAL,Dynamic bids - down only,9/16/22,,fuse beads,1.00,,CPC,0,0,0,0.00,0.00,0,0,0.00,0,0,0,0,0.00,0,0,0.00,0,0,0,0,0,0,0,0.00
ARCHIVED,RV-FA22-4WFQ SP Phra 220916 mini48-2 12,CAMPAIGN_ARCHIVED,SP,Amazon,MANUAL,Dynamic bids - down only,9/16/22,,fuse beads,1.00,,CPC,0,0,0,0.00,0.00,0,0,0.00,0,0,0,0,0.00,0,0,0.00,0,0,0,0,0,0,0,0.00
ARCHIVED,RV-FA22-4WFQ SP Broa 220916 mini48-2 1,CAMPAIGN_ARCHIVED,SP,Amazon,MANUAL,Dynamic bids - down only,9/16/22,,fuse beads,1.00,,CPC,0,0,0,0.00,0.00,0,0,0.00,0,0,0,0,0.00,0,0,0.00,0,0,0,0,0,0,0,0.00
ARCHIVED,RV-FA22-4WFQ SP Broa 220916 mini48-2 2,CAMPAIGN_ARCHIVED,SP,Amazon,MANUAL,Dynamic bids - down only,9/16/22,,fuse beads,1.00,,CPC,0,0,0,0.00,0.00,0,0,0.00,0,0,0,0,0.00,0,0,0.00,0,0,0,0,0,0,0,0.00
ARCHIVED,RV-FA22-4WFQ SP Broa 220916 mini48-2 3,CAMPAIGN_ARCHIVED,SP,Amazon,MANUAL,Dynamic bids - down only,9/16/22,,fuse beads,1.00,,CPC,0,0,0,0.00,0.00,0,0,0.00,0,0,0,0,0.00,0,0,0.00,0,0,0,0,0,0,0,0.00
ARCHIVED,RV-FA22-4WFQ SP Broa 220916 mini48-2 4,CAMPAIGN_ARCHIVED,SP,Amazon,MANUAL,Dynamic bids - down only,9/16/22,,fuse beads,1.00,,CPC,0,0,0,0.00,0.00,0,0,0.00,0,0,0,0,0.00,0,0,0.00,0,0,0,0,0,0,0,0.00
ARCHIVED,RV-FA22-4WFQ SP Broa 220916 mini48-2 5,CAMPAIGN_ARCHIVED,SP,Amazon,MANUAL,Dynamic bids - down only,9/16/22,,fuse beads,1.00,,CPC,0,0,0,0.00,0.00,0,0,0.00,0,0,0,0,0.00,0,0,0.00,0,0,0,0,0,0,0,0.00
ARCHIVED,RV-FA22-4WFQ SP Broa 220916 mini48-2 6,CAMPAIGN_ARCHIVED,SP,Amazon,MANUAL,Dynamic bids - down only,9/16/22,,fuse beads,1.00,,CPC,0,0,0,0.00,0.00,0,0,0.00,0,0,0,0,0.00,0,0,0.00,0,0,0,0,0,0,0,0.00
ARCHIVED,RV-FA22-4WFQ SP Broa 220916 mini48-2 7,CAMPAIGN_ARCHIVED,SP,Amazon,MANUAL,Dynamic bids - down only,9/16/22,,fuse beads,1.00,,CPC,0,0,0,0.00,0.00,0,0,0.00,0,0,0,0,0.00,0,0,0.00,0,0,0,0,0,0,0,0.00
ARCHIVED,RV-FA22-4WFQ SP Broa 220916 mini48-2 8,CAMPAIGN_ARCHIVED,SP,Amazon,MANUAL,Dynamic bids - down only,9/16/22,,fuse beads,1.00,,CPC,0,0,0,0.00,0.00,0,0,0.00,0,0,0,0,0.00,0,0,0.00,0,0,0,0,0,0,0,0.00
ARCHIVED,RV-FA22-4WFQ SP Broa 220916 mini48-2 9,CAMPAIGN_ARCHIVED,SP,Amazon,MANUAL,Dynamic bids - down only,9/16/22,,fuse beads,1.00,,CPC,0,0,0,0.00,0.00,0,0,0.00,0,0,0,0,0.00,0,0,0.00,0,0,0,0,0,0,0,0.00
ARCHIVED,RV-FA22-4WFQ SP Broa 220916 mini48-2 10,CAMPAIGN_ARCHIVED,SP,Amazon,MANUAL,Dynamic bids - down only,9/16/22,,fuse beads,1.00,,CPC,0,0,0,0.00,0.00,0,0,0.00,0,0,0,0,0.00,0,0,0.00,0,0,0,0,0,0,0,0.00
ARCHIVED,RV-FA22-4WFQ SP Broa 220916 mini48-2 11,CAMPAIGN_ARCHIVED,SP,Amazon,MANUAL,Dynamic bids - down only,9/16/22,,fuse beads,1.00,,CPC,0,0,0,0.00,0.00,0,0,0.00,0,0,0,0,0.00,0,0,0.00,0,0,0,0,0,0,0,0.00
ARCHIVED,RV-FA22-4WFQ SP AuCl 220916 mini48-2 1,CAMPAIGN_ARCHIVED,SP,Amazon,AUTOMATIC,Dynamic bids - down only,9/16/22,,fuse beads,1.00,,CPC,0,0,0,0.00,0.00,0,0,0.00,0,0,0,0,0.00,0,0,0.00,0,0,0,0,0,0,0,0.00
ARCHIVED,RV-FA22-4WFQ SP AuLo 220916 mini48-2 1,CAMPAIGN_ARCHIVED,SP,Amazon,AUTOMATIC,Dynamic bids - down only,9/16/22,,fuse beads,1.00,,CPC,0,0,0,0.00,0.00,0,0,0.00,0,0,0,0,0.00,0,0,0.00,0,0,0,0,0,0,0,0.00
ARCHIVED,RV-FA22-4WFQ SP AuCo 220916 mini48-2 1,CAMPAIGN_ARCHIVED,SP,Amazon,AUTOMATIC,Dynamic bids - down only,9/16/22,,fuse beads,1.00,,CPC,0,0,0,0.00,0.00,0,0,0.00,0,0,0,0,0.00,0,0,0.00,0,0,0,0,0,0,0,0.00
ARCHIVED,RV-FA22-4WFQ SP AuSu 220916 mini48-2 1,CAMPAIGN_ARCHIVED,SP,Amazon,AUTOMATIC,Dynamic bids - down only,9/16/22,,fuse beads,1.00,,CPC,0,0,0,0.00,0.00,0,0,0.00,0,0,0,0,0.00,0,0,0.00,0,0,0,0,0,0,0,0.00
ARCHIVED,RV-FA22-4WFQ SP Exac 221012 48mini-8 1,CAMPAIGN_ARCHIVED,SP,Amazon,MANUAL,Dynamic bids - down only,10/12/22,,fuse beads,1.00,,CPC,0,0,0,0.00,0.00,0,0,0.00,0,0,0,0,0.00,0,0,0.00,0,0,0,0,0,0,0,0.00
ARCHIVED,RV-FA22-4WFQ SP Exac 221012 48mini-8 2,CAMPAIGN_ARCHIVED,SP,Amazon,MANUAL,Dynamic bids - down only,10/12/22,,fuse beads,1.00,,CPC,0,0,0,0.00,0.00,0,0,0.00,0,0,0,0,0.00,0,0,0.00,0,0,0,0,0,0,0,0.00
ARCHIVED,RV-FA22-4WFQ SP Exac 221012 48mini-8 3,CAMPAIGN_ARCHIVED,SP,Amazon,MANUAL,Dynamic bids - down only,10/12/22,,fuse beads,1.00,,CPC,0,0,0,0.00,0.00,0,0,0.00,0,0,0,0,0.00,0,0,0.00,0,0,0,0,0,0,0,0.00
ARCHIVED,RV-FA22-4WFQ SP Exac 221012 48mini-8 4,CAMPAIGN_ARCHIVED,SP,Amazon,MANUAL,Dynamic bids - down only,10/12/22,,fuse beads,3.00,,CPC,0,0,0,0.00,0.00,0,0,0.00,0,0,0,0,0.00,0,0,0.00,0,0,0,0,0,0,0,0.00
ARCHIVED,SC INCR  SP Exact 221012 48mini-8 5 B09THLVFZK,CAMPAIGN_ARCHIVED,SP,Amazon,MANUAL,Dynamic bids - down only,10/12/22,,fuse beads,35.00,,CPC,0,0,0,0.00,0.00,0,0,0.00,0,0,0,0,0.00,0,0,0.00,0,0,0,0,0,0,0,0.00
ARCHIVED,RV-FA22-4WFQ SP Exac 221012 48mini-8 6,CAMPAIGN_ARCHIVED,SP,Amazon,MANUAL,Dynamic bids - down only,10/12/22,,fuse beads,1.00,,CPC,0,0,0,0.00,0.00,0,0,0.00,0,0,0,0,0.00,0,0,0.00,0,0,0,0,0,0,0,0.00
ARCHIVED,RV-FA22-4WFQ SP Exac 221012 48mini-8 7,CAMPAIGN_ARCHIVED,SP,Amazon,MANUAL,Dynamic bids - down only,10/12/22,,fuse beads,1.00,,CPC,0,0,0,0.00,0.00,0,0,0.00,0,0,0,0,0.00,0,0,0.00,0,0,0,0,0,0,0,0.00
ARCHIVED,RV-FA22-4WFQ SP Exac 221012 48mini-8 8,CAMPAIGN_ARCHIVED,SP,Amazon,MANUAL,Dynamic bids - down only,10/12/22,,fuse beads,1.00,,CPC,0,0,0,0.00,0.00,0,0,0.00,0,0,0,0,0.00,0,0,0.00,0,0,0,0,0,0,0,0.00
ARCHIVED,RV-FA22-4WFQ SP Exac 221012 48mini-8 9,CAMPAIGN_ARCHIVED,SP,Amazon,MANUAL,Dynamic bids - down only,10/12/22,,fuse beads,1.00,,CPC,0,0,0,0.00,0.00,0,0,0.00,0,0,0,0,0.00,0,0,0.00,0,0,0,0,0,0,0,0.00
ARCHIVED,RV-FA22-4WFQ SP Exac 221012 48mini-8 10,CAMPAIGN_ARCHIVED,SP,Amazon,MANUAL,Dynamic bids - down only,10/12/22,,fuse beads,1.00,,CPC,0,0,0,0.00,0.00,0,0,0.00,0,0,0,0,0.00,0,0,0.00,0,0,0,0,0,0,0,0.00
ARCHIVED,RV-FA22-4WFQ SP Exac 221012 48mini-8 11,CAMPAIGN_ARCHIVED,SP,Amazon,MANUAL,Dynamic bids - down only,10/12/22,,fuse beads,1.00,,CPC,0,0,0,0.00,0.00,0,0,0.00,0,0,0,0,0.00,0,0,0.00,0,0,0,0,0,0,0,0.00
ARCHIVED,RV-FA22-4WFQ SP Exac 221012 48mini-8 12,CAMPAIGN_ARCHIVED,SP,Amazon,MANUAL,Dynamic bids - down only,10/12/22,,fuse beads,1.00,,CPC,0,0,0,0.00,0.00,0,0,0.00,0,0,0,0,0.00,0,0,0.00,0,0,0,0,0,0,0,0.00
ARCHIVED,RV-FA22-4WFQ SP Exac 221012 48mini-8 13,CAMPAIGN_ARCHIVED,SP,Amazon,MANUAL,Dynamic bids - down only,10/12/22,,fuse beads,1.00,,CPC,0,0,0,0.00,0.00,0,0,0.00,0,0,0,0,0.00,0,0,0.00,0,0,0,0,0,0,0,0.00
ARCHIVED,RV-FA22-4WFQ SP Exac 221012 48mini-8 14,CAMPAIGN_ARCHIVED,SP,Amazon,MANUAL,Dynamic bids - down only,10/12/22,,fuse beads,1.00,,CPC,0,0,0,0.00,0.00,0,0,0.00,0,0,0,0,0.00,0,0,0.00,0,0,0,0,0,0,0,0.00
ARCHIVED,RV-FA22-4WFQ SP Exac 221012 48mini-8 15,CAMPAIGN_ARCHIVED,SP,Amazon,MANUAL,Dynamic bids - down only,10/12/22,,fuse beads,1.00,,CPC,0,0,0,0.00,0.00,0,0,0.00,0,0,0,0,0.00,0,0,0.00,0,0,0,0,0,0,0,0.00
ARCHIVED,RV-FA22-4WFQ SP Exac 221012 48mini-8 16,CAMPAIGN_ARCHIVED,SP,Amazon,MANUAL,Dynamic bids - down only,10/12/22,,fuse beads,1.00,,CPC,0,0,0,0.00,0.00,0,0,0.00,0,0,0,0,0.00,0,0,0.00,0,0,0,0,0,0,0,0.00
ARCHIVED,RV-FA22-4WFQ SP Exac 221012 48mini-8 17,CAMPAIGN_ARCHIVED,SP,Amazon,MANUAL,Dynamic bids - down only,10/12/22,,fuse beads,1.00,,CPC,0,0,0,0.00,0.00,0,0,0.00,0,0,0,0,0.00,0,0,0.00,0,0,0,0,0,0,0,0.00
ARCHIVED,RV-FA22-4WFQ SP Exac 221012 48mini-8 18,CAMPAIGN_ARCHIVED,SP,Amazon,MANUAL,Dynamic bids - down only,10/12/22,,fuse beads,1.00,,CPC,0,0,0,0.00,0.00,0,0,0.00,0,0,0,0,0.00,0,0,0.00,0,0,0,0,0,0,0,0.00
ARCHIVED,RV-FA22-4WFQ SP Exac 221012 48mini-8 19,CAMPAIGN_ARCHIVED,SP,Amazon,MANUAL,Dynamic bids - down only,10/12/22,,fuse beads,1.00,,CPC,0,0,0,0.00,0.00,0,0,0.00,0,0,0,0,0.00,0,0,0.00,0,0,0,0,0,0,0,0.00
ARCHIVED,RV-FA22-4WFQ SP Exac 221012 48mini-8 20,CAMPAIGN_ARCHIVED,SP,Amazon,MANUAL,Dynamic bids - down only,10/12/22,,fuse beads,1.00,,CPC,0,0,0,0.00,0.00,0,0,0.00,0,0,0,0,0.00,0,0,0.00,0,0,0,0,0,0,0,0.00
ARCHIVED,RV-FA22-4WFQ SP Exac 221012 48mini-8 21,CAMPAIGN_ARCHIVED,SP,Amazon,MANUAL,Dynamic bids - down only,10/12/22,,fuse beads,1.00,,CPC,0,0,0,0.00,0.00,0,0,0.00,0,0,0,0,0.00,0,0,0.00,0,0,0,0,0,0,0,0.00
ARCHIVED,RV-FA22-4WFQ SP Exac 221012 48mini-8 22,CAMPAIGN_ARCHIVED,SP,Amazon,MANUAL,Dynamic bids - down only,10/12/22,,fuse beads,1.00,,CPC,0,0,0,0.00,0.00,0,0,0.00,0,0,0,0,0.00,0,0,0.00,0,0,0,0,0,0,0,0.00
ARCHIVED,RV-FA22-4WFQ SP Exac 221012 48mini-8 23,CAMPAIGN_ARCHIVED,SP,Amazon,MANUAL,Dynamic bids - down only,10/12/22,,fuse beads,1.00,,CPC,0,0,0,0.00,0.00,0,0,0.00,0,0,0,0,0.00,0,0,0.00,0,0,0,0,0,0,0,0.00
ARCHIVED,RV-FA22-4WFQ SP Exac 221012 48mini-8 24,CAMPAIGN_ARCHIVED,SP,Amazon,MANUAL,Dynamic bids - down only,10/12/22,,fuse beads,1.00,,CPC,0,0,0,0.00,0.00,0,0,0.00,0,0,0,0,0.00,0,0,0.00,0,0,0,0,0,0,0,0.00
ARCHIVED,RV-FA22-4WFQ SP Exac 221012 48mini-8 25,CAMPAIGN_ARCHIVED,SP,Amazon,MANUAL,Dynamic bids - down only,10/12/22,,fuse beads,1.00,,CPC,0,0,0,0.00,0.00,0,0,0.00,0,0,0,0,0.00,0,0,0.00,0,0,0,0,0,0,0,0.00
ARCHIVED,RV-FA22-4WFQ SP Exac 221012 48mini-8 26,CAMPAIGN_ARCHIVED,SP,Amazon,MANUAL,Dynamic bids - down only,10/12/22,,fuse beads,1.00,,CPC,0,0,0,0.00,0.00,0,0,0.00,0,0,0,0,0.00,0,0,0.00,0,0,0,0,0,0,0,0.00
ARCHIVED,RV-FA22-4WFQ SP Exac 221012 48mini-8 27,CAMPAIGN_ARCHIVED,SP,Amazon,MANUAL,Dynamic bids - down only,10/12/22,,fuse beads,1.00,,CPC,0,0,0,0.00,0.00,0,0,0.00,0,0,0,0,0.00,0,0,0.00,0,0,0,0,0,0,0,0.00
ARCHIVED,RV-FA22-4WFQ SP Exac 221012 48mini-8 28,CAMPAIGN_ARCHIVED,SP,Amazon,MANUAL,Dynamic bids - down only,10/12/22,,fuse beads,1.00,,CPC,0,0,0,0.00,0.00,0,0,0.00,0,0,0,0,0.00,0,0,0.00,0,0,0,0,0,0,0,0.00
ARCHIVED,RV-FA22-4WFQ SP Exac 221012 48mini-8 29,CAMPAIGN_ARCHIVED,SP,Amazon,MANUAL,Dynamic bids - down only,10/12/22,,fuse beads,1.00,,CPC,0,0,0,0.00,0.00,0,0,0.00,0,0,0,0,0.00,0,0,0.00,0,0,0,0,0,0,0,0.00
ARCHIVED,RV-FA22-4WFQ SP Exac 221012 48mini-8 30,CAMPAIGN_ARCHIVED,SP,Amazon,MANUAL,Dynamic bids - down only,10/12/22,,fuse beads,1.00,,CPC,0,0,0,0.00,0.00,0,0,0.00,0,0,0,0,0.00,0,0,0.00,0,0,0,0,0,0,0,0.00
ARCHIVED,RV-FA22-4WFQ SP Exac 221012 48mini-8 31,CAMPAIGN_ARCHIVED,SP,Amazon,MANUAL,Dynamic bids - down only,10/12/22,,fuse beads,1.00,,CPC,0,0,0,0.00,0.00,0,0,0.00,0,0,0,0,0.00,0,0,0.00,0,0,0,0,0,0,0,0.00
ARCHIVED,RV-FA22-4WFQ SP Exac 221012 48mini-8 32,CAMPAIGN_ARCHIVED,SP,Amazon,MANUAL,Dynamic bids - down only,10/12/22,,fuse beads,1.00,,CPC,0,0,0,0.00,0.00,0,0,0.00,0,0,0,0,0.00,0,0,0.00,0,0,0,0,0,0,0,0.00
ARCHIVED,RV-FA22-4WFQ SP Exac 221012 48mini-8 33,CAMPAIGN_ARCHIVED,SP,Amazon,MANUAL,Dynamic bids - down only,10/12/22,,fuse beads,1.00,,CPC,0,0,0,0.00,0.00,0,0,0.00,0,0,0,0,0.00,0,0,0.00,0,0,0,0,0,0,0,0.00
ARCHIVED,RV-FA22-4WFQ SP Exac 221012 48mini-8 34,CAMPAIGN_ARCHIVED,SP,Amazon,MANUAL,Dynamic bids - down only,10/12/22,,fuse beads,1.00,,CPC,0,0,0,0.00,0.00,0,0,0.00,0,0,0,0,0.00,0,0,0.00,0,0,0,0,0,0,0,0.00
ARCHIVED,RV-FA22-4WFQ SP Exac 221012 48mini-8 35,CAMPAIGN_ARCHIVED,SP,Amazon,MANUAL,Dynamic bids - down only,10/12/22,,fuse beads,1.00,,CPC,0,0,0,0.00,0.00,0,0,0.00,0,0,0,0,0.00,0,0,0.00,0,0,0,0,0,0,0,0.00
ARCHIVED,RV-FA22-4WFQ SP Exac 221012 48mini-8 36,CAMPAIGN_ARCHIVED,SP,Amazon,MANUAL,Dynamic bids - down only,10/12/22,,fuse beads,1.00,,CPC,0,0,0,0.00,0.00,0,0,0.00,0,0,0,0,0.00,0,0,0.00,0,0,0,0,0,0,0,0.00
ARCHIVED,RV-FA22-4WFQ SP Exac 221012 48mini-8 37,CAMPAIGN_ARCHIVED,SP,Amazon,MANUAL,Dynamic bids - down only,10/12/22,,fuse beads,1.00,,CPC,0,0,0,0.00,0.00,0,0,0.00,0,0,0,0,0.00,0,0,0.00,0,0,0,0,0,0,0,0.00
ARCHIVED,RV-FA22-4WFQ SP Exac 221012 48mini-8 38,CAMPAIGN_ARCHIVED,SP,Amazon,MANUAL,Dynamic bids - down only,10/12/22,,fuse beads,1.00,,CPC,0,0,0,0.00,0.00,0,0,0.00,0,0,0,0,0.00,0,0,0.00,0,0,0,0,0,0,0,0.00
ARCHIVED,RV-FA22-4WFQ SP Exac 221012 48mini-8 39,CAMPAIGN_ARCHIVED,SP,Amazon,MANUAL,Dynamic bids - down only,10/12/22,,fuse beads,1.00,,CPC,0,0,0,0.00,0.00,0,0,0.00,0,0,0,0,0.00,0,0,0.00,0,0,0,0,0,0,0,0.00
ARCHIVED,RV-FA22-4WFQ SP Exac 221012 48mini-8 40,CAMPAIGN_ARCHIVED,SP,Amazon,MANUAL,Dynamic bids - down only,10/12/22,,fuse beads,1.00,,CPC,0,0,0,0.00,0.00,0,0,0.00,0,0,0,0,0.00,0,0,0.00,0,0,0,0,0,0,0,0.00
ARCHIVED,RV-FA22-4WFQ SP Exac 221012 48mini-8 41,CAMPAIGN_ARCHIVED,SP,Amazon,MANUAL,Dynamic bids - down only,10/12/22,,fuse beads,1.00,,CPC,0,0,0,0.00,0.00,0,0,0.00,0,0,0,0,0.00,0,0,0.00,0,0,0,0,0,0,0,0.00
ARCHIVED,RV-FA22-4WFQ SP Exac 221012 48mini-8 42,CAMPAIGN_ARCHIVED,SP,Amazon,MANUAL,Dynamic bids - down only,10/12/22,,fuse beads,1.00,,CPC,0,0,0,0.00,0.00,0,0,0.00,0,0,0,0,0.00,0,0,0.00,0,0,0,0,0,0,0,0.00
ARCHIVED,RV-FA22-4WFQ SP Exac 221012 48mini-8 43,CAMPAIGN_ARCHIVED,SP,Amazon,MANUAL,Dynamic bids - down only,10/12/22,,fuse beads,1.00,,CPC,0,0,0,0.00,0.00,0,0,0.00,0,0,0,0,0.00,0,0,0.00,0,0,0,0,0,0,0,0.00
ARCHIVED,RV-FA22-4WFQ SP Exac 221012 48mini-8 44,CAMPAIGN_ARCHIVED,SP,Amazon,MANUAL,Dynamic bids - down only,10/12/22,,fuse beads,1.00,,CPC,0,0,0,0.00,0.00,0,0,0.00,0,0,0,0,0.00,0,0,0.00,0,0,0,0,0,0,0,0.00
ARCHIVED,RV-FA22-4WFQ SP Prod 221012 48mini-8 1,CAMPAIGN_ARCHIVED,SP,Amazon,MANUAL,Dynamic bids - down only,10/12/22,,fuse beads,1.00,,CPC,0,0,0,0.00,0.00,0,0,0.00,0,0,0,0,0.00,0,0,0.00,0,0,0,0,0,0,0,0.00
ARCHIVED,RV-FA22-4WFQ SP Prod 221012 48mini-8 2,CAMPAIGN_ARCHIVED,SP,Amazon,MANUAL,Dynamic bids - down only,10/12/22,,fuse beads,1.00,,CPC,0,0,0,0.00,0.00,0,0,0.00,0,0,0,0,0.00,0,0,0.00,0,0,0,0,0,0,0,0.00
ARCHIVED,SC INCR  SP Prod 221012 48mini-8 3 B09THLVFZK,CAMPAIGN_ARCHIVED,SP,Amazon,MANUAL,Dynamic bids - down only,10/12/22,,fuse beads,35.00,,CPC,0,0,0,0.00,0.00,0,0,0.00,0,0,0,0,0.00,0,0,0.00,0,0,0,0,0,0,0,0.00
ARCHIVED,RV-FA22-4WFQ SP Prod 221012 48mini-8 4,CAMPAIGN_ARCHIVED,SP,Amazon,MANUAL,Dynamic bids - down only,10/12/22,,fuse beads,1.00,,CPC,0,0,0,0.00,0.00,0,0,0.00,0,0,0,0,0.00,0,0,0.00,0,0,0,0,0,0,0,0.00
ARCHIVED,RV-FA22-4WFQ SP Prod 221012 48mini-8 5,CAMPAIGN_ARCHIVED,SP,Amazon,MANUAL,Dynamic bids - down only,10/12/22,,fuse beads,1.00,,CPC,0,0,0,0.00,0.00,0,0,0.00,0,0,0,0,0.00,0,0,0.00,0,0,0,0,0,0,0,0.00
ARCHIVED,RV-FA22-4WFQ SP Prod 221012 48mini-8 6,CAMPAIGN_ARCHIVED,SP,Amazon,MANUAL,Dynamic bids - down only,10/12/22,,fuse beads,1.00,,CPC,0,0,0,0.00,0.00,0,0,0.00,0,0,0,0,0.00,0,0,0.00,0,0,0,0,0,0,0,0.00
ARCHIVED,RV-FA22-4WFQ SP Phra 221012 48mini-8 1,CAMPAIGN_ARCHIVED,SP,Amazon,MANUAL,Dynamic bids - down only,10/12/22,,fuse beads,1.00,,CPC,0,0,0,0.00,0.00,0,0,0.00,0,0,0,0,0.00,0,0,0.00,0,0,0,0,0,0,0,0.00
ARCHIVED,RV-FA22-4WFQ SP Phra 221012 48mini-8 2,CAMPAIGN_ARCHIVED,SP,Amazon,MANUAL,Dynamic bids - down only,10/12/22,,fuse beads,1.00,,CPC,0,0,0,0.00,0.00,0,0,0.00,0,0,0,0,0.00,0,0,0.00,0,0,0,0,0,0,0,0.00
ARCHIVED,RV-FA22-4WFQ SP Phra 221012 48mini-8 3,CAMPAIGN_ARCHIVED,SP,Amazon,MANUAL,Dynamic bids - down only,10/12/22,,fuse beads,1.00,,CPC,0,0,0,0.00,0.00,0,0,0.00,0,0,0,0,0.00,0,0,0.00,0,0,0,0,0,0,0,0.00
ARCHIVED,RV-FA22-4WFQ SP Phra 221012 48mini-8 4,CAMPAIGN_ARCHIVED,SP,Amazon,MANUAL,Dynamic bids - down only,10/12/22,,fuse beads,12.00,,CPC,0,0,0,0.00,0.00,0,0,0.00,0,0,0,0,0.00,0,0,0.00,0,0,0,0,0,0,0,0.00
ARCHIVED,RV-FA22-4WFQ SP Phra 221012 48mini-8 5,CAMPAIGN_ARCHIVED,SP,Amazon,MANUAL,Dynamic bids - down only,10/12/22,,fuse beads,1.00,,CPC,0,0,0,0.00,0.00,0,0,0.00,0,0,0,0,0.00,0,0,0.00,0,0,0,0,0,0,0,0.00
ARCHIVED,SC INCR  SP Phrase 221012 48mini-8 6 B09THLVFZK,CAMPAIGN_ARCHIVED,SP,Amazon,MANUAL,Dynamic bids - down only,10/12/22,,fuse beads,1.00,,CPC,0,0,0,0.00,0.00,0,0,0.00,0,0,0,0,0.00,0,0,0.00,0,0,0,0,0,0,0,0.00
ARCHIVED,RV-FA22-4WFQ SP Phra 221012 48mini-8 7,CAMPAIGN_ARCHIVED,SP,Amazon,MANUAL,Dynamic bids - down only,10/12/22,,fuse beads,1.00,,CPC,0,0,0,0.00,0.00,0,0,0.00,0,0,0,0,0.00,0,0,0.00,0,0,0,0,0,0,0,0.00
ARCHIVED,SC INCR  SP Phrase 221012 48mini-8 8 B09THLVFZK,CAMPAIGN_ARCHIVED,SP,Amazon,MANUAL,Dynamic bids - down only,10/12/22,,fuse beads,1.00,,CPC,0,0,0,0.00,0.00,0,0,0.00,0,0,0,0,0.00,0,0,0.00,0,0,0,0,0,0,0,0.00
ARCHIVED,RV-FA22-4WFQ SP Phra 221012 48mini-8 9,CAMPAIGN_ARCHIVED,SP,Amazon,MANUAL,Dynamic bids - down only,10/12/22,,fuse beads,1.00,,CPC,0,0,0,0.00,0.00,0,0,0.00,0,0,0,0,0.00,0,0,0.00,0,0,0,0,0,0,0,0.00
ARCHIVED,RV-FA22-4WFQ SP Phra 221012 48mini-8 10,CAMPAIGN_ARCHIVED,SP,Amazon,MANUAL,Dynamic bids - down only,10/12/22,,fuse beads,1.00,,CPC,0,0,0,0.00,0.00,0,0,0.00,0,0,0,0,0.00,0,0,0.00,0,0,0,0,0,0,0,0.00
ARCHIVED,RV-FA22-4WFQ SP Phra 221012 48mini-8 11,CAMPAIGN_ARCHIVED,SP,Amazon,MANUAL,Dynamic bids - down only,10/12/22,,fuse beads,1.00,,CPC,0,0,0,0.00,0.00,0,0,0.00,0,0,0,0,0.00,0,0,0.00,0,0,0,0,0,0,0,0.00
ARCHIVED,RV-FA22-4WFQ SP Phra 221012 48mini-8 12,CAMPAIGN_ARCHIVED,SP,Amazon,MANUAL,Dynamic bids - down only,10/12/22,,fuse beads,1.00,,CPC,0,0,0,0.00,0.00,0,0,0.00,0,0,0,0,0.00,0,0,0.00,0,0,0,0,0,0,0,0.00
PAUSED,SC INCR  SP Phrase 221012 48mini-8 13 B09THLVFZK,CAMPAIGN_PAUSED,SP,Amazon,MANUAL,Dynamic bids - down only,10/12/22,,fuse beads,1.00,,CPC,0,0,0,0.00,0.00,0,0,0.00,0,0,0,0,0.00,0,0,0.00,0,0,0,0,0,0,0,0.00
ARCHIVED,SC INCR  SP Phrase 221012 48mini-8 14 B09THLVFZK,CAMPAIGN_ARCHIVED,SP,Amazon,MANUAL,Dynamic bids - down only,10/12/22,,fuse beads,1.00,,CPC,0,0,0,0.00,0.00,0,0,0.00,0,0,0,0,0.00,0,0,0.00,0,0,0,0,0,0,0,0.00
ARCHIVED,SC INCR  SP Phrase 221012 48mini-8 15 B09THLVFZK,CAMPAIGN_ARCHIVED,SP,Amazon,MANUAL,Dynamic bids - down only,10/12/22,,fuse beads,1.00,,CPC,0,0,0,0.00,0.00,0,0,0.00,0,0,0,0,0.00,0,0,0.00,0,0,0,0,0,0,0,0.00
ARCHIVED,RV-FA22-4WFQ SP Phra 221012 48mini-8 16,CAMPAIGN_ARCHIVED,SP,Amazon,MANUAL,Dynamic bids - down only,10/12/22,,fuse beads,1.00,,CPC,0,0,0,0.00,0.00,0,0,0.00,0,0,0,0,0.00,0,0,0.00,0,0,0,0,0,0,0,0.00
ARCHIVED,RV-FA22-4WFQ SP Broa 221012 48mini-8 1,CAMPAIGN_ARCHIVED,SP,Amazon,MANUAL,Dynamic bids - down only,10/12/22,,fuse beads,1.00,,CPC,0,0,0,0.00,0.00,0,0,0.00,0,0,0,0,0.00,0,0,0.00,0,0,0,0,0,0,0,0.00
ARCHIVED,RV-FA22-4WFQ SP Broa 221012 48mini-8 2,CAMPAIGN_ARCHIVED,SP,Amazon,MANUAL,Dynamic bids - down only,10/12/22,,fuse beads,1.00,,CPC,0,0,0,0.00,0.00,0,0,0.00,0,0,0,0,0.00,0,0,0.00,0,0,0,0,0,0,0,0.00
ARCHIVED,RV-FA22-4WFQ SP Broa 221012 48mini-8 3,CAMPAIGN_ARCHIVED,SP,Amazon,MANUAL,Dynamic bids - down only,10/12/22,,fuse beads,1.00,,CPC,0,0,0,0.00,0.00,0,0,0.00,0,0,0,0,0.00,0,0,0.00,0,0,0,0,0,0,0,0.00
ARCHIVED,RV-FA22-4WFQ SP Broa 221012 48mini-8 4,CAMPAIGN_ARCHIVED,SP,Amazon,MANUAL,Dynamic bids - down only,10/12/22,,fuse beads,1.00,,CPC,0,0,0,0.00,0.00,0,0,0.00,0,0,0,0,0.00,0,0,0.00,0,0,0,0,0,0,0,0.00
ARCHIVED,RV-FA22-4WFQ SP Broa 221012 48mini-8 5,CAMPAIGN_ARCHIVED,SP,Amazon,MANUAL,Dynamic bids - down only,10/12/22,,fuse beads,1.00,,CPC,0,0,0,0.00,0.00,0,0,0.00,0,0,0,0,0.00,0,0,0.00,0,0,0,0,0,0,0,0.00
ARCHIVED,SC INCR  SP Broad 221012 48mini-8 6 B09THLVFZK,CAMPAIGN_ARCHIVED,SP,Amazon,MANUAL,Dynamic bids - down only,10/12/22,,fuse beads,10.00,,CPC,0,0,0,0.00,0.00,0,0,0.00,0,0,0,0,0.00,0,0,0.00,0,0,0,0,0,0,0,0.00
ARCHIVED,SC INCR  SP Broad 221012 48mini-8 7 B09THLVFZK,CAMPAIGN_ARCHIVED,SP,Amazon,MANUAL,Dynamic bids - down only,10/12/22,,fuse beads,1.00,,CPC,0,0,0,0.00,0.00,0,0,0.00,0,0,0,0,0.00,0,0,0.00,0,0,0,0,0,0,0,0.00
ARCHIVED,RV-FA22-4WFQ SP Broa 221012 48mini-8 8,CAMPAIGN_ARCHIVED,SP,Amazon,MANUAL,Dynamic bids - down only,10/12/22,,fuse beads,1.00,,CPC,0,0,0,0.00,0.00,0,0,0.00,0,0,0,0,0.00,0,0,0.00,0,0,0,0,0,0,0,0.00
ARCHIVED,RV-FA22-4WFQ SP Broa 221012 48mini-8 9,CAMPAIGN_ARCHIVED,SP,Amazon,MANUAL,Dynamic bids - down only,10/12/22,,fuse beads,1.00,,CPC,0,0,0,0.00,0.00,0,0,0.00,0,0,0,0,0.00,0,0,0.00,0,0,0,0,0,0,0,0.00
ARCHIVED,RV-FA22-4WFQ SP Broa 221012 48mini-8 10,CAMPAIGN_ARCHIVED,SP,Amazon,MANUAL,Dynamic bids - down only,10/12/22,,fuse beads,1.00,,CPC,0,0,0,0.00,0.00,0,0,0.00,0,0,0,0,0.00,0,0,0.00,0,0,0,0,0,0,0,0.00
ARCHIVED,RV-FA22-4WFQ SP Broa 221012 48mini-8 11,CAMPAIGN_ARCHIVED,SP,Amazon,MANUAL,Dynamic bids - down only,10/12/22,,fuse beads,1.00,,CPC,0,0,0,0.00,0.00,0,0,0.00,0,0,0,0,0.00,0,0,0.00,0,0,0,0,0,0,0,0.00
ARCHIVED,RV-FA22-4WFQ SP Broa 221012 48mini-8 12,CAMPAIGN_ARCHIVED,SP,Amazon,MANUAL,Dynamic bids - down only,10/12/22,,fuse beads,1.00,,CPC,0,0,0,0.00,0.00,0,0,0.00,0,0,0,0,0.00,0,0,0.00,0,0,0,0,0,0,0,0.00
ARCHIVED,RV-FA22-4WFQ SP Broa 221012 48mini-8 13,CAMPAIGN_ARCHIVED,SP,Amazon,MANUAL,Dynamic bids - down only,10/12/22,,fuse beads,1.00,,CPC,0,0,0,0.00,0.00,0,0,0.00,0,0,0,0,0.00,0,0,0.00,0,0,0,0,0,0,0,0.00
ARCHIVED,SC INCR  SP Broad 221012 48mini-8 14 B09THLVFZK,CAMPAIGN_ARCHIVED,SP,Amazon,MANUAL,Dynamic bids - down only,10/12/22,,fuse beads,1.00,,CPC,0,0,0,0.00,0.00,0,0,0.00,0,0,0,0,0.00,0,0,0.00,0,0,0,0,0,0,0,0.00
ARCHIVED,RV-FA22-4WFQ SP AuCl 221012 48mini-8 1,CAMPAIGN_ARCHIVED,SP,Amazon,AUTOMATIC,Dynamic bids - down only,10/12/22,,fuse beads,1.00,,CPC,0,0,0,0.00,0.00,0,0,0.00,0,0,0,0,0.00,0,0,0.00,0,0,0,0,0,0,0,0.00
ARCHIVED,RV-FA22-4WFQ SP AuLo 221012 48mini-8 1,CAMPAIGN_ARCHIVED,SP,Amazon,AUTOMATIC,Dynamic bids - down only,10/12/22,,fuse beads,1.00,,CPC,0,0,0,0.00,0.00,0,0,0.00,0,0,0,0,0.00,0,0,0.00,0,0,0,0,0,0,0,0.00
ARCHIVED,RV-FA22-4WFQ SP AuCo 221012 48mini-8 1,CAMPAIGN_ARCHIVED,SP,Amazon,AUTOMATIC,Dynamic bids - down only,10/12/22,,fuse beads,1.00,,CPC,0,0,0,0.00,0.00,0,0,0.00,0,0,0,0,0.00,0,0,0.00,0,0,0,0,0,0,0,0.00
ARCHIVED,RV-FA22-4WFQ SP AuSu 221012 48mini-8 1,CAMPAIGN_ARCHIVED,SP,Amazon,AUTOMATIC,Dynamic bids - down only,10/12/22,,fuse beads,1.00,,CPC,0,0,0,0.00,0.00,0,0,0.00,0,0,0,0,0.00,0,0,0.00,0,0,0,0,0,0,0,0.00
PAUSED,SC INCR 48mini-auto B09THLVFZK,CAMPAIGN_PAUSED,SP,Amazon,AUTOMATIC,Dynamic bids - down only,11/18/22,,fuse beads,10.00,,CPC,0,0,0,0.00,0.00,0,0,0.00,0,0,0,0,0.00,0,0,0.00,0,0,0,0,0,0,0,0.00
ARCHIVED,B09THLVFZK 48 Minibeads DD Extra KWS CG Vol5 Ex - Incr - SP - Default Manual - hvsgb5vw,CAMPAIGN_ARCHIVED,SP,Amazon,MANUAL,Dynamic bids - down only,7/26/23,,fuse beads,20.00,,CPC,0,0,0,0.00,0.00,0,0,0.00,0,0,0,0,0.00,0,0,0.00,0,0,0,0,0,0,0,0.00
ARCHIVED,B09THLVFZK 48 Minibeads DD Extra KWS CG Vol4 Ex - Incr - SP - Default Manual - h9ur3vrf,CAMPAIGN_ARCHIVED,SP,Amazon,MANUAL,Dynamic bids - down only,7/26/23,,fuse beads,10.00,,CPC,0,0,0,0.00,0.00,0,0,0.00,0,0,0,0,0.00,0,0,0.00,0,0,0,0,0,0,0,0.00
ARCHIVED,B09THLVFZK 48 Minibeads DD - perler beads set - CG SK Ex - Incr - SP - Default Manual - h2tpr24x,CAMPAIGN_ARCHIVED,SP,Amazon,MANUAL,Dynamic bids - down only,7/26/23,,fuse beads,20.00,,CPC,0,0,0,0.00,0.00,0,0,0.00,0,0,0,0,0.00,0,0,0.00,0,0,0,0,0,0,0,0.00
ARCHIVED,B09THLVFZK 48 Minibeads DD Extra KWS CG Vol2 Ex - Incr - SP - Default Manual - wbo7mwsx,CAMPAIGN_ARCHIVED,SP,Amazon,MANUAL,Dynamic bids - down only,7/26/23,,fuse beads,20.00,,CPC,0,0,0,0.00,0.00,0,0,0.00,0,0,0,0,0.00,0,0,0.00,0,0,0,0,0,0,0,0.00
ARCHIVED,B09THLVFZK 48 Minibeads DD Extra KWS CG Vol1 Ph - Incr - SP - Default Manual - racm3o9t,CAMPAIGN_ARCHIVED,SP,Amazon,MANUAL,Dynamic bids - down only,7/26/23,,fuse beads,20.00,,CPC,0,0,0,0.00,0.00,0,0,0.00,0,0,0,0,0.00,0,0,0.00,0,0,0,0,0,0,0,0.00
ARCHIVED,B09THLVFZK 48 Minibeads DD Extra KWS CG Vol2 Br - Incr - SP - Default Manual - nk3ym6j1,CAMPAIGN_ARCHIVED,SP,Amazon,MANUAL,Dynamic bids - down only,7/26/23,,fuse beads,20.00,,CPC,0,0,0,0.00,0.00,0,0,0.00,0,0,0,0,0.00,0,0,0.00,0,0,0,0,0,0,0,0.00
ARCHIVED,B09THLVFZK 48 Minibeads DD Extra KWS CG Vol5 Ph - Incr - SP - Default Manual - uw41v8l2,CAMPAIGN_ARCHIVED,SP,Amazon,MANUAL,Dynamic bids - down only,7/26/23,,fuse beads,20.00,,CPC,0,0,0,0.00,0.00,0,0,0.00,0,0,0,0,0.00,0,0,0.00,0,0,0,0,0,0,0,0.00
ARCHIVED,B09THLVFZK 48 Minibeads DD Extra KWS CG Vol6 Ph - Incr - SP - Default Manual - 2ogtuoiz,CAMPAIGN_ARCHIVED,SP,Amazon,MANUAL,Dynamic bids - down only,7/26/23,,fuse beads,20.00,,CPC,0,0,0,0.00,0.00,0,0,0.00,0,0,0,0,0.00,0,0,0.00,0,0,0,0,0,0,0,0.00
ARCHIVED,B09THLVFZK 48 Minibeads DD Extra KWS CG Vol3 Br - Incr - SP - Default Manual - mjk35tr0,CAMPAIGN_ARCHIVED,SP,Amazon,MANUAL,Dynamic bids - down only,7/26/23,,fuse beads,20.00,,CPC,0,0,0,0.00,0.00,0,0,0.00,0,0,0,0,0.00,0,0,0.00,0,0,0,0,0,0,0,0.00
ARCHIVED,B09THLVFZK 48 Minibeads DD Extra KWS CG Vol4 Br - Incr - SP - Default Manual - d6w5uxqr,CAMPAIGN_ARCHIVED,SP,Amazon,MANUAL,Dynamic bids - down only,7/26/23,,fuse beads,20.00,,CPC,0,0,0,0.00,0.00,0,0,0.00,0,0,0,0,0.00,0,0,0.00,0,0,0,0,0,0,0,0.00
ARCHIVED,B09THLVFZK 48 Minibeads DD Extra KWS CG Vol1 Ex - Incr - SP - Default Manual - jrbevuib,CAMPAIGN_ARCHIVED,SP,Amazon,MANUAL,Dynamic bids - down only,7/26/23,,fuse beads,20.00,,CPC,0,0,0,0.00,0.00,0,0,0.00,0,0,0,0,0.00,0,0,0.00,0,0,0,0,0,0,0,0.00
ARCHIVED,B09THLVFZK 48 Minibeads DD Extra KWS CG Vol2 Ph - Incr - SP - Default Manual - ozveht40,CAMPAIGN_ARCHIVED,SP,Amazon,MANUAL,Dynamic bids - down only,7/26/23,,fuse beads,20.00,,CPC,0,0,0,0.00,0.00,0,0,0.00,0,0,0,0,0.00,0,0,0.00,0,0,0,0,0,0,0,0.00
ARCHIVED,B09THLVFZK 48 Minibeads DD - fuse beads kit - CG SK Ex - Incr - SP - Default Manual - qb14vimc,CAMPAIGN_ARCHIVED,SP,Amazon,MANUAL,Dynamic bids - down only,7/26/23,,fuse beads,2.00,,CPC,0,0,0,0.00,0.00,0,0,0.00,0,0,0,0,0.00,0,0,0.00,0,0,0,0,0,0,0,0.00
ARCHIVED,B09THLVFZK 48 Minibeads DD - melty beads - CG SK Ex - Incr - SP - Default Manual - am2hhgz4,CAMPAIGN_ARCHIVED,SP,Amazon,MANUAL,Dynamic bids - down only,7/26/23,,fuse beads,2.00,,CPC,0,0,0,0.00,0.00,0,0,0.00,0,0,0,0,0.00,0,0,0.00,0,0,0,0,0,0,0,0.00
ARCHIVED,B09THLVFZK 48 Minibeads DD Extra KWS CG Vol3 Ex - Incr - SP - Default Manual - 8gkcp4kk,CAMPAIGN_ARCHIVED,SP,Amazon,MANUAL,Dynamic bids - down only,7/26/23,,fuse beads,20.00,,CPC,0,0,0,0.00,0.00,0,0,0.00,0,0,0,0,0.00,0,0,0.00,0,0,0,0,0,0,0,0.00
ARCHIVED,B09THLVFZK 48 Minibeads DD Extra KWS CG Vol5 Br - Incr - SP - Default Manual - qywn70mk,CAMPAIGN_ARCHIVED,SP,Amazon,MANUAL,Dynamic bids - down only,7/26/23,,fuse beads,20.00,,CPC,0,0,0,0.00,0.00,0,0,0.00,0,0,0,0,0.00,0,0,0.00,0,0,0,0,0,0,0,0.00
ARCHIVED,B09THLVFZK 48 Minibeads DD - perler bead kit - CG SK Ex - Incr - SP - Default Manual - y5gsi23p,CAMPAIGN_ARCHIVED,SP,Amazon,MANUAL,Dynamic bids - down only,7/26/23,,fuse beads,20.00,,CPC,0,0,0,0.00,0.00,0,0,0.00,0,0,0,0,0.00,0,0,0.00,0,0,0,0,0,0,0,0.00
ARCHIVED,B09THLVFZK 48 Minibeads DD Extra KWS CG Vol3 Ph - Incr - SP - Default Manual - 16r46b5f,CAMPAIGN_ARCHIVED,SP,Amazon,MANUAL,Dynamic bids - down only,7/26/23,,fuse beads,20.00,,CPC,0,0,0,0.00,0.00,0,0,0.00,0,0,0,0,0.00,0,0,0.00,0,0,0,0,0,0,0,0.00
ARCHIVED,B09THLVFZK 48 Minibeads DD - perler - CG SK Ex - Incr - SP - Default Manual - fmes4fdr,CAMPAIGN_ARCHIVED,SP,Amazon,MANUAL,Dynamic bids - down only,7/26/23,,fuse beads,2.00,,CPC,0,0,0,0.00,0.00,0,0,0.00,0,0,0,0,0.00,0,0,0.00,0,0,0,0,0,0,0,0.00
ARCHIVED,B09THLVFZK 48 Minibeads DD Extra KWS CG Vol6 Br - Incr - SP - Default Manual - h4ux1rpk,CAMPAIGN_ARCHIVED,SP,Amazon,MANUAL,Dynamic bids - down only,7/26/23,,fuse beads,20.00,,CPC,0,0,0,0.00,0.00,0,0,0.00,0,0,0,0,0.00,0,0,0.00,0,0,0,0,0,0,0,0.00
ARCHIVED,B09THLVFZK 48 Minibeads DD Extra KWS CG Vol4 Ph - Incr - SP - Default Manual - ruk20mwn,CAMPAIGN_ARCHIVED,SP,Amazon,MANUAL,Dynamic bids - down only,7/26/23,,fuse beads,2.00,,CPC,0,0,0,0.00,0.00,0,0,0.00,0,0,0,0,0.00,0,0,0.00,0,0,0,0,0,0,0,0.00
PAUSED,Mini Beads 48 colors - SP - Product Target,CAMPAIGN_PAUSED,SP,Amazon,MANUAL,Dynamic bids - down only,12/2/23,,fuse beads,2.00,,CPC,0,0,0,0.00,0.00,0,0,0.00,0,0,0,0,0.00,0,0,0.00,0,0,0,0,0,0,0,0.00
PAUSED,B07PXN4K8N 22000 Fuse Beads Kit - SP - EXACT,CAMPAIGN_PAUSED,SP,Amazon,MANUAL,Dynamic bids - down only,12/2/23,,fuse beads,40.00,,CPC,0,0,0,0.00,0.00,0,0,0.00,0,0,0,0,0.00,0,0,0.00,0,0,0,0,0,0,0,0.00
PAUSED,Mini Beads 48 colors - SP - Research,CAMPAIGN_PAUSED,SP,Amazon,MANUAL,Dynamic bids - down only,12/2/23,,fuse beads,1.00,,CPC,0,0,0,0.00,0.00,0,0,0.00,0,0,0,0,0.00,0,0,0.00,0,0,0,0,0,0,0,0.00
PAUSED,Mini Beads 48 colors - SP - Auto,CAMPAIGN_PAUSED,SP,Amazon,AUTOMATIC,Dynamic bids - down only,12/2/23,,fuse beads,40.00,,CPC,0,0,0,0.00,0.00,0,0,0.00,0,0,0,0,0.00,0,0,0.00,0,0,0,0,0,0,0,0.00
PAUSED,B09THLVFZK Mini Beads 48 colors - SP - Performance,CAMPAIGN_PAUSED,SP,Amazon,MANUAL,Dynamic bids - down only,12/2/23,,fuse beads,80.00,,CPC,0,0,0,0.00,0.00,0,0,0.00,0,0,0,0,0.00,0,0,0.00,0,0,0,0,0,0,0,0.00
PAUSED,B07PXN4K8N 22000 Fuse Beads Kit - SP - BROAD,CAMPAIGN_PAUSED,SP,Amazon,MANUAL,Dynamic bids - down only,12/2/23,,fuse beads,30.00,,CPC,0,0,0,0.00,0.00,0,0,0.00,0,0,0,0,0.00,0,0,0.00,0,0,0,0,0,0,0,0.00
PAUSED,B0CP2YWFR6 Fuse Beads - SP - EXACT,CAMPAIGN_PAUSED,SP,Amazon,MANUAL,Dynamic bids - down only,12/2/23,,fuse beads,2.00,,CPC,0,0,0,0.00,0.00,0,0,0.00,0,0,0,0,0.00,0,0,0.00,0,0,0,0,0,0,0,0.00
PAUSED,B07PXN4K8N 22000 beads LOW BID AUTO Low Bid,CAMPAIGN_PAUSED,SP,Amazon,AUTOMATIC,Dynamic bids - down only,3/31/24,,fuse beads,10.00,,CPC,0,0,0,0.00,0.00,0,0,0.00,0,0,0,0,0.00,0,0,0.00,0,0,0,0,0,0,0,0.00
PAUSED,B07PXN4K8N 22000 beads LOW BID Manual target,CAMPAIGN_PAUSED,SP,Amazon,MANUAL,Dynamic bids - up and down,3/31/24,,fuse beads,10.00,,CPC,0,0,0,0.00,0.00,0,0,0.00,0,0,0,0,0.00,0,0,0.00,0,0,0,0,0,0,0,0.00
PAUSED,B076N1Q31T 5200 beads low bid manual,CAMPAIGN_PAUSED,SP,Amazon,MANUAL,Dynamic bids - down only,3/30/24,,fuse beads,10.00,,CPC,0,0,0,0.00,0.00,0,0,0.00,0,0,0,0,0.00,0,0,0.00,0,0,0,0,0,0,0,0.00
PAUSED,B076N1Q31T 5200 beads low bid AUTO bid,CAMPAIGN_PAUSED,SP,Amazon,AUTOMATIC,Dynamic bids - down only,3/29/24,,fuse beads,10.00,,CPC,0,0,0,0.00,0.00,0,0,0.00,0,0,0,0,0.00,0,0,0.00,0,0,0,0,0,0,0,0.00
ENABLED,B076N1Q31T 5200 beads low bid AUTO TOS,CAMPAIGN_STATUS_ENABLED,SP,Amazon,AUTOMATIC,Dynamic bids - down only,3/29/24,,fuse beads,10.00,,CPC,0,0,0,0.00,0.00,0,0,0.00,0,0,0,0,0.00,0,0,0.00,0,0,0,0,0,0,0,0.00
ENABLED,B076N1Q31T 5200 beads low bid product targeting,CAMPAIGN_STATUS_ENABLED,SP,Amazon,MANUAL,Dynamic bids - down only,3/29/24,,fuse beads,10.00,,CPC,0,0,0,0.00,0.00,0,0,0.00,0,0,0,0,0.00,0,0,0.00,0,0,0,0,0,0,0,0.00
PAUSED,B09THLVFZK 48mini product inscraft,CAMPAIGN_PAUSED,SP,Amazon,MANUAL,Fixed bids,4/17/24,,fuse beads,10.00,,CPC,0,0,0,0.00,0.00,0,0,0.00,0,0,0,0,0.00,0,0,0.00,0,0,0,0,0,0,0,0.00
PAUSED,B09THLVFZK minibeads 48 Product Targeting Inscraft,CAMPAIGN_PAUSED,SP,Amazon,MANUAL,Dynamic bids - down only,4/24/24,,fuse beads,20.00,,CPC,0,0,0,0.00,0.00,0,0,0.00,0,0,0,0,0.00,0,0,0.00,0,0,0,0,0,0,0,0.00
PAUSED,22000 Auto,CAMPAIGN_PAUSED,SP,Amazon,AUTOMATIC,Fixed bids,5/12/24,,fuse beads,5.00,,CPC,0,0,0,0.00,0.00,0,0,0.00,0,0,0,0,0.00,0,0,0.00,0,0,0,0,0,0,0,0.00
PAUSED,Fuse beads - SP-Exact-TOS-fuse beads pegboards,CAMPAIGN_PAUSED,SP,Amazon,MANUAL,Dynamic bids - down only,5/30/24,,fuse beads,100.00,,CPC,0,0,0,0.00,0.00,0,0,0.00,0,0,0,0,0.00,0,0,0.00,0,0,0,0,0,0,0,0.00
PAUSED,Fuse beads-SP-exact-TOS-iron beads for kids kit,CAMPAIGN_PAUSED,SP,Amazon,MANUAL,Dynamic bids - down only,5/30/24,,fuse beads,15.00,,CPC,0,0,0,0.00,0.00,0,0,0.00,0,0,0,0,0.00,0,0,0.00,0,0,0,0,0,0,0,0.00
ENABLED,Fuse beads -SP-exact-TOS-fuse beads,CAMPAIGN_STATUS_ENABLED,SP,Amazon,MANUAL,Dynamic bids - down only,5/30/24,,fuse beads,100.00,<5%,CPC,90,0,0,0.00,0.00,0,0,0.00,0,0,0,0,0.00,0,0,0.00,0,0,0,0,0,0,0,0.00
PAUSED,Fuse beads-SP-Exact-TOS-Fuse beads kit,CAMPAIGN_PAUSED,SP,Amazon,MANUAL,Dynamic bids - down only,5/30/24,,fuse beads,11.00,,CPC,0,0,0,0.00,0.00,0,0,0.00,0,0,0,0,0.00,0,0,0.00,0,0,0,0,0,0,0,0.00
PAUSED,Fuse beads -SP-exact-TOS-Perler beads set,CAMPAIGN_PAUSED,SP,Amazon,MANUAL,Dynamic bids - down only,6/10/24,,fuse beads,100.00,,CPC,0,0,0,0.00,0.00,0,0,0.00,0,0,0,0,0.00,0,0,0.00,0,0,0,0,0,0,0,0.00
PAUSED,Fuse beads -SP-exact-TOS-pearler beads,CAMPAIGN_PAUSED,SP,Amazon,MANUAL,Dynamic bids - down only,6/10/24,,fuse beads,100.00,,CPC,0,0,0,0.00,0.00,0,0,0.00,0,0,0,0,0.00,0,0,0.00,0,0,0,0,0,0,0,0.00
PAUSED,Fuse beads -SP-exact-TOS-Perler beads bulk,CAMPAIGN_PAUSED,SP,Amazon,MANUAL,Dynamic bids - down only,6/10/24,,fuse beads,100.00,,CPC,0,0,0,0.00,0.00,0,0,0.00,0,0,0,0,0.00,0,0,0.00,0,0,0,0,0,0,0,0.00
PAUSED,Fuse beads -SP-exact-TOS-Perler beads,CAMPAIGN_PAUSED,SP,Amazon,MANUAL,Dynamic bids - down only,6/10/24,,fuse beads,2.00,,CPC,0,0,0,0.00,0.00,0,0,0.00,0,0,0,0,0.00,0,0,0.00,0,0,0,0,0,0,0,0.00
PAUSED,5mm fuse beads - TOS push perler bead root,CAMPAIGN_PAUSED,SP,Amazon,MANUAL,Dynamic bids - down only,6/26/24,,fuse beads,22.00,,CPC,0,0,0,0.00,0.00,0,0,0.00,0,0,0,0,0.00,0,0,0.00,0,0,0,0,0,0,0,0.00
PAUSED,48 mini - TOS key word push,CAMPAIGN_PAUSED,SP,Amazon,MANUAL,Dynamic bids - down only,6/25/24,,fuse beads,17.00,,CPC,0,0,0,0.00,0.00,0,0,0.00,0,0,0,0,0.00,0,0,0.00,0,0,0,0,0,0,0,0.00
PAUSED,TOS fuse beads - push Fuse beads,CAMPAIGN_PAUSED,SP,Amazon,MANUAL,Dynamic bids - up and down,11/2/24,,fuse beads,75.00,,CPC,0,0,0,0.00,0.00,0,0,0.00,0,0,0,0,0.00,0,0,0.00,0,0,0,0,0,0,0,0.00
PAUSED,fuse beads auto,CAMPAIGN_PAUSED,SP,Amazon,AUTOMATIC,Dynamic bids - down only,11/13/24,,fuse beads,75.00,,CPC,0,0,0,0.00,0.00,0,0,0.00,0,0,0,0,0.00,0,0,0.00,0,0,0,0,0,0,0,0.00
PAUSED,48 mini - auto,CAMPAIGN_PAUSED,SP,Amazon,AUTOMATIC,Dynamic bids - down only,12/8/24,,fuse beads,51.00,,CPC,0,0,0,0.00,0.00,0,0,0.00,0,0,0,0,0.00,0,0,0.00,0,0,0,0,0,0,0,0.00
PAUSED,5200 fuse beads - TOS fuse beads push,CAMPAIGN_PAUSED,SP,Amazon,MANUAL,Dynamic bids - down only,5/8/25,,fuse beads,150.00,,CPC,0,0,0,0.00,0.00,0,0,0.00,0,0,0,0,0.00,0,0,0.00,0,0,0,0,0,0,0,0.00
PAUSED,5200- TOS push fuse beads,CAMPAIGN_PAUSED,SP,Amazon,MANUAL,Dynamic bids - down only,5/10/25,,fuse beads,45.00,,CPC,0,0,0,0.00,0.00,0,0,0.00,0,0,0,0,0.00,0,0,0.00,0,0,0,0,0,0,0,0.00
PAUSED,mini fuse beads - SPM MK other beads root TOS,CAMPAIGN_PAUSED,SP,Amazon,MANUAL,Dynamic bids - down only,11/19/25,,fuse beads,5.00,,CPC,0,0,0,0.00,0.00,0,0,0.00,0,0,0,0,0.00,0,0,0.00,0,0,0,0,0,0,0,0.00
PAUSED,mini fuse beads - SPM SK fuse beads kit TOS,CAMPAIGN_PAUSED,SP,Amazon,MANUAL,Dynamic bids - up and down,11/19/25,,fuse beads,2.00,,CPC,0,0,0,0.00,0.00,0,0,0.00,0,0,0,0,0.00,0,0,0.00,0,0,0,0,0,0,0,0.00
PAUSED,mini fuse beads - SPA auto TOS,CAMPAIGN_PAUSED,SP,Amazon,AUTOMATIC,Dynamic bids - down only,11/26/25,,fuse beads,10.00,,CPC,0,0,0,0.00,0.00,0,0,0.00,0,0,0,0,0.00,0,0,0.00,0,0,0,0,0,0,0,0.00
PAUSED,mini fuse beads - SPM SK mini beads TOS,CAMPAIGN_PAUSED,SP,Amazon,MANUAL,Dynamic bids - down only,11/26/25,,fuse beads,15.00,,CPC,0,0,0,0.00,0.00,0,0,0.00,0,0,0,0,0.00,0,0,0.00,0,0,0,0,0,0,0,0.00
PAUSED,B09THLVFZK 48mini S-display,CAMPAIGN_PAUSED,SD,Amazon,MANUAL,,5/4/24,,fuse beads,12.00,,CPC,0,0,0,0.00,0.00,0,0,0.00,0,0,0,0,0.00,0,0,0.00,0,0,0,0,0,0,0,0.00
PAUSED,5200 fuse beads - SD UGC videos,CAMPAIGN_PAUSED,SD,Amazon,MANUAL,,5/1/25,,fuse beads,15.00,,CPC,0,0,0,0.00,0.00,0,0,0.00,0,0,0,0,0.00,0,0,0.00,0,0,0,0,0,0,0,0.00
PAUSED,48 mini beads - SD default image,CAMPAIGN_PAUSED,SD,Amazon,MANUAL,,4/30/25,,fuse beads,15.00,,CPC,0,0,0,0.00,0.00,0,0,0.00,0,0,0,0,0.00,0,0,0.00,0,0,0,0,0,0,0,0.00