Start Date,End Date,Portfolio name,Program Type,Campaign Name,Retailer,Country,Status,Currency,Budget Amount,Targeting Type,Bidding strategy,Impressions,Last Year Impressions,Clicks,Last Year Clicks,Click-Thru Rate (CTR),Spend,Last Year Spend,Cost Per Click (CPC),Last Year Cost Per Click (CPC),7 Day Total Orders (#),"Total Advertising Cost of Sales (ACOS) ",Total Return on Advertising Spend (ROAS),"7 Day Total Sales "
"Feb 08, 2026","Feb 14, 2026",fairy family,Sponsored Products,fairy sewing - auto,Amazon,United States,ENABLED,USD,$18.0,Automatic targeting,Dynamic bids - down only,1781,849,54,22,3.032%,$40.37,$20.13,$0.7475925999999999,$0.915,10,18.367%,5.44,$219.8
"Feb 08, 2026","Feb 14, 2026",.Catch All Auto,Sponsored Products,Catch All - Auto - 0.29 - Incrementum,Amazon,United States,ENABLED,USD,$60.0,Automatic targeting,Dynamic bids - down only,123567,64093,813,646,0.658%,$257.56,$206.15,$0.316802,$0.3191176,54,20.465%,4.89,$1258.51
"Feb 08, 2026","Feb 14, 2026",.Catch All Auto,Sponsored Products,Catch All - Auto - 0.39 - Incrementum,Amazon,United States,ENABLED,USD,$20.0,Automatic targeting,Dynamic bids - down only,74650,,418,,0.5599999999999999%,$117.51,,$0.2811244,$0.0,14,26.545%,3.77,$442.68
"Feb 08, 2026","Feb 14, 2026",.Catch All Auto,Sponsored Products,Catch All - Auto - 0.49 - Incrementum,Amazon,United States,ENABLED,USD,$25.0,Automatic targeting,Dynamic bids - down only,7423,11902,42,103,0.5660000000000001%,$12.93,$45.79,$0.3078571,$0.44456310000000004,2,20.875%,4.79,$61.94
"Feb 08, 2026","Feb 14, 2026",Cross stitch backpack charms,Sponsored Products,B0B18ZRRCQ - Cats Cross Stitch Kits - CG PAT Vol2 - Incr - SP - Default Pat - um5gbcjh,Amazon,United States,ENABLED,USD,$20.0,Manual targeting,Dynamic bids - down only,51,6,2,0,3.9219999999999997%,$0.75,$0.0,$0.375,$0.0,0,0.0%,0.0,$0.0
"Feb 08, 2026","Feb 14, 2026",fuse beads,Sponsored Products,48 Minibeads - broad auto,Amazon,United States,ENABLED,USD,$16.0,Manual targeting,Dynamic bids - down only,24272,3082,164,94,0.676%,$107.35,$111.54,$0.6545732,$1.1865957,9,36.739%,2.72,$292.2
"Feb 08, 2026","Feb 14, 2026",Cross stitch backpack charms,Sponsored Products,B08DDJCQKF Cross stitch girl broad 2,Amazon,United States,ENABLED,USD,$35.0,Manual targeting,Dynamic bids - down only,8029,4637,216,62,2.69%,$245.14,$39.77,$1.1349074000000001,$0.6414516,26,42.869%,2.33,$571.84
"Feb 08, 2026","Feb 14, 2026",Cross stitch backpack charms,Sponsored Products,B08DDJCQKF Cross stitch girl broad,Amazon,United States,ENABLED,USD,$6.0,Manual targeting,Dynamic bids - down only,2897,17120,37,172,1.277%,$41.9,$113.31,$1.1324324,$0.6587791,8,26.214%,3.81,$159.84
"Feb 08, 2026","Feb 14, 2026",Cross stitch backpack charms,Sponsored Products,B08DDJCQKF Cross girl - auto,Amazon,United States,ENABLED,USD,$12.0,Automatic targeting,Dynamic bids - down only,1586,756,82,9,5.17%,$87.47,$3.31,$1.0667073,$0.3677778,15,26.214%,3.81,$333.68
"Feb 08, 2026","Feb 14, 2026",Cross stitch backpack charms,Sponsored Products,Dog & CAT & Safari animals Cross Stitch Kits - SP - Exact,Amazon,United States,ENABLED,USD,$10.0,Manual targeting,Dynamic bids - down only,9553,5457,66,36,0.6910000000000001%,$42.67,$28.38,$0.6465152000000001,$0.7883333,5,32.848%,3.04,$129.9
"Feb 08, 2026","Feb 14, 2026",Latch hook kits,Sponsored Products,Latch Hook kits - SP - Auto,Amazon,United States,ENABLED,USD,$6.0,Automatic targeting,Dynamic bids - down only,2421,7610,25,65,1.0330000000000001%,$14.02,$40.79,$0.5608,$0.6275385,5,13.758999999999999%,7.27,$101.9
"Feb 08, 2026","Feb 14, 2026",Latch hook kits,Sponsored Products,Latch Hook kits - SP - Exact,Amazon,United States,ENABLED,USD,$15.0,Manual targeting,Dynamic bids - down only,204,311,1,1,0.49%,$0.64,$0.39,$0.64,$0.39,0,0.0%,0.0,$0.0
"Feb 08, 2026","Feb 14, 2026",Latch hook kits,Sponsored Products,Latch Hook kits - SP - Product Target,Amazon,United States,ENABLED,USD,$25.0,Manual targeting,Dynamic bids - down only,205,1409,4,20,1.951%,$1.33,$7.44,$0.3325,$0.37200000000000005,0,0.0%,0.0,$0.0
"Feb 08, 2026","Feb 14, 2026",Embroidery for kids,Sponsored Products,B09X55KL2C 10 Embroidery kit - SP - EXACT,Amazon,United States,ENABLED,USD,$4.0,Manual targeting,Dynamic bids - down only,1655,7174,31,133,1.873%,$30.24,$120.7,$0.9754839,$0.9075188,2,56.042%,1.78,$53.96
"Feb 08, 2026","Feb 14, 2026",.Catch All Auto,Sponsored Products,CATCH ALL NGO - OLD,Amazon,United States,ENABLED,USD,$50.0,Automatic targeting,Dynamic bids - down only,86758,95002,796,726,0.9169999999999999%,$349.36,$262.82,$0.43889449999999997,$0.36201099999999997,62,23.909%,4.18,$1461.18
"Feb 08, 2026","Feb 13, 2026",Embroidery for kids,Sponsored Products,B09X55KL2C 10 embroidery LOW BID AUTO TOS,Amazon,United States,ENABLED,USD,$10.0,Automatic targeting,Dynamic bids - down only,14,8,1,0,7.142999999999999%,$0.3,$0.0,$0.3,$0.0,0,0.0%,0.0,$0.0
"Feb 08, 2026","Feb 14, 2026",Embroidery for kids,Sponsored Products,B09X55KL2C 10 embroidery LOW BID AUTO low bid,Amazon,United States,ENABLED,USD,$10.0,Automatic targeting,Dynamic bids - down only,465,167,3,0,0.645%,$0.25,$0.0,$0.0833333,$0.0,0,0.0%,0.0,$0.0
"Feb 08, 2026","Feb 14, 2026",Embroidery for kids,Sponsored Products,B09X55KL2C 10 embroidery LOW BID product targeting,Amazon,United States,ENABLED,USD,$10.0,Manual targeting,Dynamic bids - down only,218,145,0,0,0.0%,$0.0,$0.0,$0.0,$0.0,0,0.0%,0.0,$0.0
"Feb 08, 2026","Feb 14, 2026",Embroidery for kids,Sponsored Products,B09X55KL2C 10 embroidery LOW BID Manual Research,Amazon,United States,ENABLED,USD,$10.0,Manual targeting,Dynamic bids - down only,249,104,1,0,0.402%,$0.08,$0.0,$0.08,$0.0,0,0.0%,0.0,$0.0
"Feb 09, 2026","Feb 14, 2026",Cross stitch backpack charms,Sponsored Products,B08DDJCQKF Cross stitch girl  LOW BID AUTO TOS,Amazon,United States,ENABLED,USD,$10.0,Automatic targeting,Dynamic bids - down only,3,1,0,0,0.0%,$0.0,$0.0,$0.0,$0.0,0,0.0%,0.0,$0.0
"Feb 08, 2026","Feb 14, 2026",Cross stitch backpack charms,Sponsored Products,B08DDJCQKF Cross stitch girl  LOW BID AUTO Low bid,Amazon,United States,ENABLED,USD,$10.0,Automatic targeting,Dynamic bids - down only,14,497,0,6,0.0%,$0.0,$0.6,$0.0,$0.1,0,0.0%,0.0,$0.0
"Feb 08, 2026","Feb 14, 2026",Cross stitch backpack charms,Sponsored Products,B08DDJCQKF Cross stitch girl  LOW BID Product targeting,Amazon,United States,ENABLED,USD,$10.0,Manual targeting,Dynamic bids - down only,75,88,0,1,0.0%,$0.0,$0.1,$0.0,$0.1,0,0.0%,0.0,$0.0
"Feb 08, 2026","Feb 14, 2026",Cross stitch backpack charms,Sponsored Products,B08DDJCQKF Cross stitch girl LOW BID manual targeting,Amazon,United States,ENABLED,USD,$10.0,Manual targeting,Dynamic bids - down only,45,91,0,0,0.0%,$0.0,$0.0,$0.0,$0.0,0,0.0%,0.0,$0.0
"Feb 08, 2026","Feb 14, 2026",fairy family,Sponsored Products,B09WQSBZY7 Fairy LOW BID AUTO LOW BID,Amazon,United States,ENABLED,USD,$10.0,Automatic targeting,Dynamic bids - down only,128,120,0,0,0.0%,$0.0,$0.0,$0.0,$0.0,0,0.0%,0.0,$0.0
"Feb 08, 2026","Feb 14, 2026",fairy family,Sponsored Products,B09WQSBZY7 Fairy LOW BID product target,Amazon,United States,ENABLED,USD,$10.0,Manual targeting,Dynamic bids - down only,213,182,0,0,0.0%,$0.0,$0.0,$0.0,$0.0,0,0.0%,0.0,$0.0
"Feb 08, 2026","Feb 14, 2026",fairy family,Sponsored Products,B09WQSBZY7 Fairy LOW BID MANUAL TARGETING,Amazon,United States,ENABLED,USD,$10.0,Manual targeting,Dynamic bids - down only,480,198,1,2,0.208%,$0.11,$0.22,$0.11,$0.11,0,0.0%,0.0,$0.0
"Feb 09, 2026","Feb 14, 2026",fairy family,Sponsored Products,B0BNDVTTSH Ballerina LOW BID AUTO Low bid,Amazon,United States,ENABLED,USD,$10.0,Automatic targeting,Dynamic bids - down only,3,0,0,0,0.0%,$0.0,$0.0,$0.0,$0.0,0,0.0%,0.0,$0.0
"Feb 08, 2026","Feb 14, 2026",fairy family,Sponsored Products,B0BNDVTTSH Ballerina LOW BID MANUAL TARGETING,Amazon,United States,ENABLED,USD,$10.0,Manual targeting,Dynamic bids - down only,188,32,1,0,0.532%,$0.12,$0.0,$0.12,$0.0,0,0.0%,0.0,$0.0
"Feb 08, 2026","Feb 14, 2026",fuse beads,Sponsored Products,B07PXN4K8N 22000 beads LOW BID AUTO TOS,Amazon,United States,PAUSED,USD,$35.0,Automatic targeting,Dynamic bids - down only,936,179,55,8,5.876%,$30.82,$4.19,$0.5603636000000001,$0.52375,0,0.0%,0.0,$0.0
"Feb 08, 2026","Feb 14, 2026",fuse beads,Sponsored Products,B07PXN4K8N 22000 beads LOW BID Product Targeting,Amazon,United States,ENABLED,USD,$10.0,Manual targeting,Dynamic bids - down only,22,13,1,0,4.545%,$0.05,$0.0,$0.05,$0.0,0,0.0%,0.0,$0.0
"Feb 08, 2026","Feb 10, 2026",Stitch Dictionary All,Sponsored Products,Stitch Dictionary Heart LOW BID AUTO Low Bid,Amazon,United States,ENABLED,USD,$10.0,Automatic targeting,Dynamic bids - down only,1,4,0,0,0.0%,$0.0,$0.0,$0.0,$0.0,0,0.0%,0.0,$0.0
"Feb 10, 2026","Feb 10, 2026",Stitch Dictionary All,Sponsored Products,Stitch Dictionary Heart LOW BID Product Targeting,Amazon,United States,ENABLED,USD,$10.0,Manual targeting,Dynamic bids - down only,3,11,0,0,0.0%,$0.0,$0.0,$0.0,$0.0,0,0.0%,0.0,$0.0
"Feb 08, 2026","Feb 11, 2026",Stitch Dictionary All,Sponsored Products,Stitch Dictionary LOW BID Manual Targeting,Amazon,United States,ENABLED,USD,$10.0,Manual targeting,Dynamic bids - down only,29,,1,,3.4479999999999995%,$0.06,,$0.06,$0.0,0,0.0%,0.0,$0.0
"Feb 09, 2026","Feb 14, 2026",Stitch Dictionary All,Sponsored Products,Stitch Dictionary CAT LOW BID AUTO Low Bid,Amazon,United States,ENABLED,USD,$10.0,Automatic targeting,Dynamic bids - down only,3,,0,,0.0%,$0.0,,$0.0,$0.0,0,0.0%,0.0,$0.0
"Feb 08, 2026","Feb 14, 2026",4 Flowers embroidery,Sponsored Products,SO | Embroidery Kit | B0BWSGRTB1 | SPM | CAT | Embroidery Kits,Amazon,United States,ENABLED,USD,$35.0,Manual targeting,Dynamic bids - down only,940,242,12,0,1.277%,$2.86,$0.0,$0.2383333,$0.0,0,0.0%,0.0,$0.0
"Feb 08, 2026","Feb 14, 2026",Stitch Dictionary All,Sponsored Products,Stitch Dictionary CAT LOW BID Manual Targeting,Amazon,United States,ENABLED,USD,$10.0,Manual targeting,Dynamic bids - down only,82,99,1,0,1.22%,$0.08,$0.0,$0.08,$0.0,0,0.0%,0.0,$0.0
"Feb 08, 2026","Feb 14, 2026",Stitch Dictionary All,Sponsored Products,Stitch Dictionary Elephant LOW BID AUTO LOW BID,Amazon,United States,ENABLED,USD,$10.0,Automatic targeting,Dynamic bids - down only,5,5,0,0,0.0%,$0.0,$0.0,$0.0,$0.0,0,0.0%,0.0,$0.0
"Feb 08, 2026","Feb 14, 2026",fuse beads,Sponsored Products,Fuse beads -SP-exact-TOS-fuse beads,Amazon,United States,ENABLED,USD,$100.0,Manual targeting,Dynamic bids - down only,90,5,0,1,0.0%,$0.0,$1.27,$0.0,$1.27,0,0.0%,0.0,$0.0
"Feb 08, 2026","Feb 14, 2026",fairy family,Sponsored Products,fairy sewing - SPM MK sewing kit kids root TOS,Amazon,United States,ENABLED,USD,$14.0,Manual targeting,Dynamic bids - down only,1966,1965,32,14,1.628%,$20.73,$10.55,$0.6478125,$0.7535714,3,31.438%,3.18,$65.94
"Feb 08, 2026","Feb 14, 2026",Dessert Family,Sponsored Products,dessert sewing - SPM SK sewing kit for kids ages 8-12 TOS,Amazon,United States,ENABLED,USD,$10.0,Manual targeting,Fixed bids,3044,12640,47,145,1.544%,$57.14,$148.03,$1.2157447000000001,$1.0208966,5,50.166999999999994%,1.99,$113.9
"Feb 08, 2026","Feb 14, 2026",Latch hook kits,Sponsored Products,latch hook kits exact TOS push,Amazon,United States,ENABLED,USD,$55.0,Manual targeting,Dynamic bids - down only,325,143,3,3,0.923%,$2.04,$2.14,$0.68,$0.7133333000000001,0,0.0%,0.0,$0.0
"Feb 08, 2026","Feb 14, 2026",No Portfolio,Sponsored Products,Biggie Auto,Amazon,United States,ENABLED,USD,$45.0,Automatic targeting,Fixed bids,60774,20780,74,49,0.122%,$40.7,$31.8,$0.55,$0.6489796,5,32.586%,3.07,$124.9
"Feb 08, 2026","Feb 14, 2026",biggie beads,Sponsored Products,biggie beads - SPM MK biggie root TOS,Amazon,United States,ENABLED,USD,$20.0,Manual targeting,Dynamic bids - down only,31,87,0,6,0.0%,$0.0,$5.51,$0.0,$0.9183333,0,0.0%,0.0,$0.0
"Feb 08, 2026","Feb 14, 2026",fairy family,Sponsored Products,fairy sewing - SPM SK sewing kit for kids TOS,Amazon,United States,ENABLED,USD,$15.0,Manual targeting,Dynamic bids - down only,1518,817,52,7,3.4259999999999997%,$52.83,$6.87,$1.0159615,$0.9814286,7,32.241%,3.1,$163.86
"Feb 08, 2026","Feb 14, 2026",fuse beads,Sponsored Products,48 mini perler beads tos push,Amazon,United States,ENABLED,USD,$15.0,Manual targeting,Dynamic bids - down only,1610,6864,67,341,4.1610000000000005%,$49.64,$409.38,$0.7408955,$1.2005279,11,13.535%,7.39,$366.74
"Feb 08, 2026","Feb 14, 2026",biggie beads,Sponsored Products,biggie auto,Amazon,United States,ENABLED,USD,$10.0,Automatic targeting,Dynamic bids - down only,2555,2169,53,81,2.0740000000000003%,$42.27,$116.09,$0.7975472,$1.4332099,6,28.203%,3.55,$149.88
"Feb 08, 2026","Feb 14, 2026",fuse beads,Sponsored Products,mini fuse beads TOS push - mini root,Amazon,United States,ENABLED,USD,$30.0,Manual targeting,Dynamic bids - down only,20932,5241,182,53,0.869%,$179.85,$42.64,$0.9881868,$0.8045283000000001,14,38.454%,2.6,$467.7
"Feb 08, 2026","Feb 14, 2026",fuse beads,Sponsored Products,mini fuse beads-  SPM MK multi root TOS,Amazon,United States,ENABLED,USD,$14.0,Manual targeting,Dynamic bids - down only,1262,6541,92,144,7.290000000000001%,$98.02,$132.36,$1.0654348,$0.9191667,11,27.366%,3.65,$358.18
"Feb 08, 2026","Feb 14, 2026",Latch hook kits,Sponsored Products,latch hook kits - manual TOS competitor keyword push,Amazon,United States,ENABLED,USD,$15.0,Manual targeting,Dynamic bids - down only,352,574,5,0,1.4200000000000002%,$4.52,$0.0,$0.904,$0.0,0,0.0%,0.0,$0.0
"Feb 08, 2026","Feb 14, 2026",fairy family,Sponsored Products,fairy sewing - SPM MK sewing kit root TOS,Amazon,United States,ENABLED,USD,$15.0,Manual targeting,Dynamic bids - down only,616,1299,12,19,1.9480000000000002%,$10.09,$21.42,$0.8408333,$1.1273684,0,0.0%,0.0,$0.0
"Feb 08, 2026","Feb 14, 2026",4 Flowers embroidery,Sponsored Products,SO | Embroidery Kit | B0DC69M3YD | SPM | SK | crossstitching kits adult beginner,Amazon,United States,ENABLED,USD,$25.0,Manual targeting,Dynamic bids - down only,249,,2,,0.803%,$1.28,,$0.64,$0.0,0,0.0%,0.0,$0.0
"Feb 08, 2026","Feb 14, 2026",fairy family,Sponsored Products,fairy sewing - SPM MK kids sewing kit root,Amazon,United States,ENABLED,USD,$8.0,Manual targeting,Dynamic bids - down only,2620,,46,,1.756%,$40.11,,$0.8719565,$0.0,5,36.497%,2.74,$109.9
"Feb 08, 2026","Feb 14, 2026",No Portfolio,Sponsored Products,knitting bunny - SP - TOS beginners crochet kit for kids,Amazon,United States,ENABLED,USD,$20.0,Manual targeting,Dynamic bids - down only,1706,,25,,1.465%,$30.78,,$1.2312,$0.0,0,0.0%,0.0,$0.0
"Feb 08, 2026","Feb 14, 2026",fuse beads,Sponsored Products,mini fuse beads - SPM MP product targeting,Amazon,United States,ENABLED,USD,$13.0,Manual targeting,Dynamic bids - down only,697,,37,,5.308%,$49.19,,$1.3294595,$0.0,6,24.366%,4.1,$201.88
"Feb 08, 2026","Feb 14, 2026",Embroidery for kids,Sponsored Products,embroidery beginner - manual - product targeting,Amazon,United States,ENABLED,USD,$7.0,Manual targeting,Dynamic bids - down only,1561,,58,,3.7159999999999997%,$48.3,,$0.8327585999999999,$0.0,5,37.763999999999996%,2.65,$127.9
"Feb 08, 2026","Feb 14, 2026",fairy family,Sponsored Products,fairy sewing - manual - product targeting,Amazon,United States,ENABLED,USD,$4.0,Manual targeting,Dynamic bids - down only,985,,19,,1.9290000000000003%,$28.71,,$1.5110526,$0.0,3,43.54%,2.3,$65.94
"Feb 08, 2026","Feb 14, 2026",Latch hook kits,Sponsored Products,latch hook - manual - product targeting,Amazon,United States,ENABLED,USD,$5.0,Manual targeting,Dynamic bids - down only,2060,,25,,1.214%,$25.24,,$1.0095999999999998,$0.0,0,0.0%,0.0,$0.0
"Feb 08, 2026","Feb 14, 2026",4 Flowers embroidery,Sponsored Products,SO | Embroidery Kit | B0DC69M3YD | SPM | PT | 4 flowers,Amazon,United States,ENABLED,USD,$5.0,Manual targeting,ruleBased,2371,,32,,1.35%,$33.33,,$1.0415625,$0.0,1,133.42700000000002%,0.75,$24.98
"Feb 08, 2026","Feb 14, 2026",Shield All,Sponsored Products,shield product - cross stitch kits,Amazon,United States,ENABLED,USD,$8.0,Manual targeting,Dynamic bids - down only,6973,,111,,1.592%,$88.94,,$0.8012613000000001,$0.0,12,28.903000000000002%,3.46,$307.72
"Feb 08, 2026","Feb 14, 2026",4 Flowers embroidery,Sponsored Products,SO | Embroidery Kit | B0BWSGRTB1| SPM | PT | Brand's ASINs,Amazon,United States,ENABLED,USD,$15.0,Manual targeting,Dynamic bids - down only,1280,,17,,1.328%,$8.03,,$0.47235289999999996,$0.0,0,0.0%,0.0,$0.0
"Feb 08, 2026","Feb 14, 2026",Shield All,Sponsored Products,shield product - latch hook kits,Amazon,United States,ENABLED,USD,$8.0,Manual targeting,Dynamic bids - down only,6534,,88,,1.347%,$74.41,,$0.8455682,$0.0,12,24.418%,4.1,$304.74
"Feb 08, 2026","Feb 14, 2026",Shield All,Sponsored Products,shield brand name - manual and broad,Amazon,United States,ENABLED,USD,$10.0,Manual targeting,Dynamic bids - down only,5100,,38,,0.745%,$31.73,,$0.835,$0.0,8,16.454%,6.08,$192.84
"Feb 08, 2026","Feb 14, 2026",fairy family,Sponsored Products,ballerina sewing - manual TOS crafts for kids PUSH,Amazon,United States,ENABLED,USD,$26.0,Manual targeting,Dynamic bids - down only,882,,17,,1.9269999999999998%,$12.48,,$0.7341176,$0.0,2,25.490000000000002%,3.92,$48.96
"Feb 08, 2026","Feb 14, 2026",Cross stitch backpack charms,Sponsored Products,cross girl - manual TOS beginner cross stitch kits PUSH,Amazon,United States,ENABLED,USD,$10.0,Manual targeting,Dynamic bids - down only,104,,1,,0.962%,$0.35,,$0.35,$0.0,0,0.0%,0.0,$0.0
"Feb 08, 2026","Feb 14, 2026",fuse beads,Sponsored Products,48 mini beads - SP  mini perler TOS push,Amazon,United States,ENABLED,USD,$15.0,Manual targeting,Dynamic bids - down only,25,,1,,4.0%,$0.72,,$0.72,$0.0,0,0.0%,0.0,$0.0
"Feb 08, 2026","Feb 14, 2026",fuse beads,Sponsored Products,mini fuse beads TOS push - mini root other,Amazon,United States,ENABLED,USD,$15.0,Manual targeting,Dynamic bids - down only,334,,5,,1.497%,$2.74,,$0.5479999999999999,$0.0,0,0.0%,0.0,$0.0
"Feb 08, 2026","Feb 14, 2026",4 Flowers embroidery,Sponsored Products,4 flowers- shield brand self target,Amazon,United States,ENABLED,USD,$10.0,Manual targeting,Dynamic bids - down only,3731,,62,,1.662%,$48.22,,$0.7777419000000001,$0.0,1,193.034%,0.52,$24.98
"Feb 08, 2026","Feb 14, 2026",Cross stitch backpack charms,Sponsored Products,cross girl - SPM brand shield,Amazon,United States,ENABLED,USD,$35.0,Manual targeting,Dynamic bids - down only,151,,2,,1.325%,$0.84,,$0.42,$0.0,0,0.0%,0.0,$0.0
"Feb 08, 2026","Feb 14, 2026",4 Flowers embroidery,Sponsored Products,SO | Emroidery Kit | SPM | Defence | Brand KW,Amazon,United States,ENABLED,USD,$30.0,Manual targeting,Dynamic bids - down only,175,,1,,0.571%,$0.45,,$0.45,$0.0,1,1.8010000000000002%,55.51,$24.98
"Feb 08, 2026","Feb 14, 2026",Latch hook kits,Sponsored Products,latch hook - SPM for kids root TOS,Amazon,United States,ENABLED,USD,$21.0,Manual targeting,Dynamic bids - down only,3586,,53,,1.478%,$56.7,,$1.0698113,$0.0,9,24.676000000000002%,4.05,$229.78
"Feb 08, 2026","Feb 14, 2026",4 Flowers embroidery,Sponsored Products,4 flowers - shield brand asins,Amazon,United States,ENABLED,USD,$7.0,Manual targeting,Dynamic bids - down only,1083,,24,,2.2159999999999997%,$18.84,,$0.785,$0.0,0,0.0%,0.0,$0.0
"Feb 08, 2026","Feb 13, 2026",fairy family,Sponsored Products,fairy sewing - SPM fairy sewing kit for kids TOS,Amazon,United States,ENABLED,USD,$20.0,Manual targeting,Dynamic bids - down only,11,,5,,45.455%,$4.53,,$0.9059999999999999,$0.0,1,20.61%,4.85,$21.98
"Feb 08, 2026","Feb 14, 2026",Latch Hook Pillow,Sponsored Products,latch hook pillow - SPA auto,Amazon,United States,ENABLED,USD,$3.0,Automatic targeting,Dynamic bids - down only,502,,25,,4.9799999999999995%,$15.53,,$0.6212,$0.0,0,0.0%,0.0,$0.0
"Feb 08, 2026","Feb 14, 2026",Latch Hook Pillow,Sponsored Products,latch hook pillow - SPM latch hook kit for kids TOS,Amazon,United States,ENABLED,USD,$10.0,Manual targeting,Dynamic bids - down only,875,,47,,5.371%,$60.66,,$1.2906383,$0.0,10,25.296000000000003%,3.95,$239.8
"Feb 08, 2026","Feb 14, 2026",Latch Hook Pillow,Sponsored Products,latch hook pillow - SPM latch hook pillow kit TOS,Amazon,United States,ENABLED,USD,$4.0,Manual targeting,Dynamic bids - up and down,97,,0,,0.0%,$0.0,,$0.0,$0.0,0,0.0%,0.0,$0.0
"Feb 08, 2026","Feb 14, 2026",Latch Hook Pillow,Sponsored Products,latch hook pillow - SPM hook rug kits for kids TOS,Amazon,United States,ENABLED,USD,$7.0,Manual targeting,Dynamic bids - down only,121,,1,,0.826%,$1.25,,$1.25,$0.0,0,0.0%,0.0,$0.0
"Feb 08, 2026","Feb 14, 2026",Latch Hook Pillow,Sponsored Products,latch hook pillow - SPM latch hook kit root TOS,Amazon,United States,ENABLED,USD,$4.0,Manual targeting,Dynamic bids - down only,525,,3,,0.571%,$2.18,,$0.7266667,$0.0,0,0.0%,0.0,$0.0
"Feb 08, 2026","Feb 14, 2026",Latch Hook Pillow,Sponsored Products,latch hook pillow - SPM other root TOS,Amazon,United States,ENABLED,USD,$2.0,Manual targeting,Dynamic bids - down only,797,,8,,1.004%,$4.19,,$0.52375,$0.0,2,8.387%,11.92,$49.96
"Feb 08, 2026","Feb 14, 2026",Latch Hook Pillow,Sponsored Products,latch hook pillow - SPM broad,Amazon,United States,ENABLED,USD,$20.0,Manual targeting,Dynamic bids - down only,18588,,103,,0.5539999999999999%,$83.67,,$0.8123300999999999,$0.0,15,22.631999999999998%,4.42,$369.7
"Feb 08, 2026","Feb 14, 2026",Shield All,Sponsored Products,shield product - latch hook pillow,Amazon,United States,ENABLED,USD,$10.0,Manual targeting,Dynamic bids - down only,784,,10,,1.276%,$7.9,,$0.79,$0.0,1,19.77%,5.06,$39.96
"Feb 08, 2026","Feb 14, 2026",Cat And Hat Knitting,Sponsored Products,cat knitting - SPA auto,Amazon,United States,ENABLED,USD,$6.0,Automatic targeting,Dynamic bids - down only,10791,,77,,0.714%,$31.61,,$0.4105195,$0.0,12,6.952999999999999%,14.38,$454.64
"Feb 08, 2026","Feb 14, 2026",Cat And Hat Knitting,Sponsored Products,cat knitting - SPM knitting kit for kids TOS,Amazon,United States,ENABLED,USD,$20.0,Manual targeting,Dynamic bids - down only,1885,,12,,0.637%,$11.61,,$0.9675,$0.0,0,0.0%,0.0,$0.0
"Feb 08, 2026","Feb 14, 2026",Cat And Hat Knitting,Sponsored Products,cat knitting - SPM knitting kit for kids ages 8-12 TOS,Amazon,United States,ENABLED,USD,$11.0,Manual targeting,Dynamic bids - down only,4,,0,,0.0%,$0.0,,$0.0,$0.0,0,0.0%,0.0,$0.0
"Feb 08, 2026","Feb 14, 2026",Cat And Hat Knitting,Sponsored Products,cat knitting - SPM knitting kit for beginners TOS,Amazon,United States,ENABLED,USD,$15.0,Manual targeting,Dynamic bids - down only,115,,1,,0.8699999999999999%,$0.35,,$0.35,$0.0,0,0.0%,0.0,$0.0
"Feb 08, 2026","Feb 14, 2026",Cat And Hat Knitting,Sponsored Products,cat knitting - SPM knitting kit root TOS,Amazon,United States,ENABLED,USD,$7.0,Manual targeting,Dynamic bids - down only,18,,0,,0.0%,$0.0,,$0.0,$0.0,0,0.0%,0.0,$0.0
"Feb 08, 2026","Feb 14, 2026",Cat And Hat Knitting,Sponsored Products,cat knitting - SPM other root TOS,Amazon,United States,ENABLED,USD,$20.0,Manual targeting,Dynamic bids - down only,479,,7,,1.461%,$2.91,,$0.4157143,$0.0,0,0.0%,0.0,$0.0
"Feb 08, 2026","Feb 14, 2026",Cat And Hat Knitting,Sponsored Products,cat knitting - SPM broad,Amazon,United States,ENABLED,USD,$15.0,Manual targeting,Dynamic bids - down only,3172,,82,,2.585%,$87.75,,$1.070122,$0.0,6,56.293000000000006%,1.78,$155.88
"Feb 08, 2026","Feb 14, 2026",Cross And Embroidery Kits,Sponsored Products,cross embroidery - small kit SPA auto,Amazon,United States,ENABLED,USD,$15.0,Automatic targeting,Dynamic bids - down only,1561,,68,,4.356%,$34.9,,$0.5132353,$0.0,6,29.112%,3.43,$119.88
"Feb 08, 2026","Feb 14, 2026",Cross And Embroidery Kits,Sponsored Products,cross embroidery -  small kit SPM SK cross stitch kits for kids TOS,Amazon,United States,ENABLED,USD,$24.0,Manual targeting,Dynamic bids - down only,1655,,26,,1.5709999999999997%,$22.69,,$0.8726923,$0.0,6,18.617%,5.37,$121.88
"Feb 08, 2026","Feb 14, 2026",Cross And Embroidery Kits,Sponsored Products,cross embroidery - small kit SPM MK cross stitch root TOS,Amazon,United States,ENABLED,USD,$25.0,Manual targeting,Dynamic bids - down only,271,,14,,5.1659999999999995%,$10.72,,$0.7657143000000001,$0.0,0,0.0%,0.0,$0.0
"Feb 08, 2026","Feb 14, 2026",Cross And Embroidery Kits,Sponsored Products,cross embroidery - small kit SPM broad and phrase,Amazon,United States,ENABLED,USD,$14.0,Manual targeting,Dynamic bids - down only,1378,,102,,7.402%,$74.2,,$0.727451,$0.0,7,53.053%,1.88,$139.86
"Feb 08, 2026","Feb 14, 2026",fairy family,Sponsored Products,fairy sewing - SPM SK sewing for kids TOS,Amazon,United States,ENABLED,USD,$15.0,Manual targeting,Dynamic bids - down only,1783,,24,,1.346%,$23.41,,$0.9754166999999999,$0.0,1,86.768%,1.15,$26.98
"Feb 08, 2026","Feb 14, 2026",Embroidery for kids,Sponsored Products,embroidery beginner - SPM MK needlepoint root TOS,Amazon,United States,ENABLED,USD,$8.0,Manual targeting,Dynamic bids - down only,2198,,31,,1.41%,$20.88,,$0.6735483999999999,$0.0,0,0.0%,0.0,$0.0
"Feb 08, 2026","Feb 14, 2026",No Portfolio,Sponsored Products,bunny knitting - SPM knitting for kids TOS,Amazon,United States,ENABLED,USD,$14.0,Manual targeting,Dynamic bids - down only,177,,4,,2.26%,$3.01,,$0.7525,$0.0,1,13.098%,7.63,$22.98
"Feb 10, 2026","Feb 10, 2026",Latch hook kits,Sponsored Products,latch hook - SPM SK latch hook kits for beginners TOS,Amazon,United States,ENABLED,USD,$15.0,Manual targeting,Dynamic bids - down only,0,,0,,0.0%,$0.0,,$0.0,$0.0,0,0.0%,0.0,$0.0
"Feb 08, 2026","Feb 14, 2026",Latch hook kits,Sponsored Products,latch hook - SPM SK beginner latch hook kits for kids TOS,Amazon,United States,ENABLED,USD,$15.0,Manual targeting,Dynamic bids - down only,21,,0,,0.0%,$0.0,,$0.0,$0.0,0,0.0%,0.0,$0.0
"Feb 11, 2026","Feb 13, 2026",Latch hook kits,Sponsored Products,latch hook - SPM SK latch hook kits for kids TOS,Amazon,United States,ENABLED,USD,$15.0,Manual targeting,Dynamic bids - down only,0,,0,,0.0%,$0.0,,$0.0,$0.0,0,0.0%,0.0,$0.0
"Feb 08, 2026","Feb 14, 2026",Latch hook kits,Sponsored Products,latch hook - SPM MK latch hook kit root TOS,Amazon,United States,ENABLED,USD,$15.0,Manual targeting,Dynamic bids - down only,82,,1,,1.22%,$1.14,,$1.14,$0.0,1,5.7059999999999995%,17.53,$19.98
"Feb 08, 2026","Feb 14, 2026",fairy family,Sponsored Products,fairy sewing - SPM SK sewing kit for kids ages 8-12  TOS,Amazon,United States,ENABLED,USD,$30.0,Manual targeting,Dynamic bids - down only,441,,5,,1.134%,$1.92,,$0.384,$0.0,0,0.0%,0.0,$0.0
"Feb 08, 2026","Feb 14, 2026",fairy family,Sponsored Products,fairy sewing - SPM MK broad,Amazon,United States,ENABLED,USD,$35.0,Manual targeting,Dynamic bids - down only,24808,,241,,0.971%,$245.91,,$1.0203734,$0.0,22,47.31%,2.11,$519.78
"Feb 08, 2026","Feb 14, 2026",Cat And Hat Knitting,Sponsored Products,cat knitting - SPM product targeting,Amazon,United States,ENABLED,USD,$14.0,Manual targeting,Dynamic bids - down only,3752,,64,,1.706%,$51.2,,$0.8,$0.0,5,37.954%,2.63,$134.9
"Feb 08, 2026","Feb 14, 2026",Latch Hook Pillow,Sponsored Products,latch hook pillow - SPM product targeting,Amazon,United States,ENABLED,USD,$18.0,Manual targeting,Dynamic bids - down only,8312,,121,,1.456%,$115.27,,$0.9526446,$0.0,7,65.92099999999999%,1.52,$174.86
"Feb 08, 2026","Feb 14, 2026",Embroidery for kids,Sponsored Products,embroidery beginners - SPM SK embroidery kit for beginners TOS,Amazon,United States,ENABLED,USD,$35.0,Manual targeting,Dynamic bids - down only,1437,,63,,4.3839999999999995%,$64.65,,$1.0261905,$0.0,7,36.972%,2.7,$174.86
"Feb 08, 2026","Feb 14, 2026",Dessert Family,Sponsored Products,dessert sewing - SPM SK sewing for kids TOS,Amazon,United States,ENABLED,USD,$15.0,Manual targeting,Dynamic bids - down only,2022,,21,,1.039%,$11.55,,$0.55,$0.0,0,0.0%,0.0,$0.0
"Feb 08, 2026","Feb 14, 2026",Dessert Family,Sponsored Products,dessert sewing - SPM MK broad sewing kit root,Amazon,United States,ENABLED,USD,$2.0,Manual targeting,Dynamic bids - up and down,696,,19,,2.73%,$18.63,,$0.9805263,$0.0,1,81.07%,1.23,$22.98
"Feb 08, 2026","Feb 14, 2026",Dessert Family,Sponsored Products,dessert sewing - SPM SK beginner sewing kit for kids TOS,Amazon,United States,ENABLED,USD,$2.0,Manual targeting,Dynamic bids - down only,488,,12,,2.459%,$15.59,,$1.2991667,$0.0,1,67.842%,1.47,$22.98
"Feb 08, 2026","Feb 14, 2026",4 Flowers embroidery,Sponsored Products,4 flowers - SPM SK embroidery starter kit beginner TOS,Amazon,United States,ENABLED,USD,$17.0,Manual targeting,Dynamic bids - down only,315,,11,,3.492%,$13.62,,$1.2381818,$0.0,0,0.0%,0.0,$0.0
"Feb 08, 2026","Feb 14, 2026",Needlepoint,Sponsored Products,needlepoint - SPA auto TOS,Amazon,United States,ENABLED,USD,$5.0,Automatic targeting,Dynamic bids - down only,5774,,75,,1.299%,$34.77,,$0.4636,$0.0,3,65.778%,1.52,$52.86
"Feb 08, 2026","Feb 14, 2026",Needlepoint,Sponsored Products,needlepoint - SPM SK needlepoint kits for beginners TOS,Amazon,United States,ENABLED,USD,$15.0,Manual targeting,Dynamic bids - down only,2137,,32,,1.497%,$13.82,,$0.431875,$0.0,2,38.432%,2.6,$35.96
"Feb 08, 2026","Feb 14, 2026",Needlepoint,Sponsored Products,needlepoint - SPM SK kids needlepoint kit TOS,Amazon,United States,ENABLED,USD,$8.0,Manual targeting,Dynamic bids - down only,491,,12,,2.444%,$9.61,,$0.8008333000000001,$0.0,0,0.0%,0.0,$0.0
"Feb 08, 2026","Feb 14, 2026",Needlepoint,Sponsored Products,needlepoint - SPM SK needlepoint kit for kids TOS,Amazon,United States,ENABLED,USD,$8.0,Manual targeting,Dynamic bids - down only,391,,7,,1.79%,$3.63,,$0.5185714,$0.0,0,0.0%,0.0,$0.0
"Feb 08, 2026","Feb 14, 2026",Needlepoint,Sponsored Products,needlepoint - SPM MK broad and phrase TOS,Amazon,United States,ENABLED,USD,$10.0,Manual targeting,Dynamic bids - up and down,5688,,99,,1.7409999999999999%,$68.78,,$0.6947475,$0.0,4,95.634%,1.05,$71.92
"Feb 08, 2026","Feb 14, 2026",biggie beads,Sponsored Products,biggie beads - SPM SK 10mm fuse beads TOS,Amazon,United States,ENABLED,USD,$11.0,Manual targeting,Dynamic bids - down only,204,,2,,0.98%,$2.1,,$1.05,$0.0,0,0.0%,0.0,$0.0
"Feb 08, 2026","Feb 14, 2026",biggie beads,Sponsored Products,biggie beads - SPM MK broad TOS,Amazon,United States,ENABLED,USD,$35.0,Manual targeting,Dynamic bids - down only,8769,,87,,0.992%,$111.3,,$1.2793103000000001,$0.0,20,20.253%,4.94,$549.56
"Feb 08, 2026","Feb 14, 2026",fuse beads,Sponsored Products,mini fuse beads - SPM SK fuse bead kit TOS,Amazon,United States,ENABLED,USD,$15.0,Manual targeting,Dynamic bids - down only,12463,,92,,0.738%,$104.2,,$1.1326087,$0.0,6,51.62%,1.94,$201.86
"Feb 08, 2026","Feb 14, 2026",Cat And Hat Knitting,Sponsored Products,cat knitting - SPM SK loom kit for kids TOS,Amazon,United States,ENABLED,USD,$8.5,Manual targeting,Dynamic bids - up and down,193,,4,,2.073%,$3.36,,$0.84,$0.0,0,0.0%,0.0,$0.0
"Feb 08, 2026","Feb 14, 2026",Cat And Hat Knitting,Sponsored Products,cat knitting - SPM SK loom animals kit for kids TOS,Amazon,United States,ENABLED,USD,$14.0,Manual targeting,Dynamic bids - down only,44,,3,,6.8180000000000005%,$2.83,,$0.9433333,$0.0,1,12.315%,8.12,$22.98
"Feb 08, 2026","Feb 14, 2026",.Catch All Auto,Sponsored Products,catch all - auto - 0.19 incrumentum,Amazon,United States,ENABLED,USD,$100.0,Automatic targeting,Dynamic bids - down only,113519,,702,,0.618%,$119.69,,$0.1704986,$0.0,24,21.547%,4.64,$555.48
"Feb 08, 2026","Feb 14, 2026",.Catch All Auto,Sponsored Products,Catch All - Auto - 0.15 - incrementum,Amazon,United States,ENABLED,USD,$100.0,Automatic targeting,Dynamic bids - down only,5787,,37,,0.639%,$4.46,,$0.1205405,$0.0,4,4.376%,22.85,$101.92
"Feb 08, 2026","Feb 14, 2026",Cross stitch backpack charms,Sponsored Products,cross girl - SPM MK more general adult root TOS,Amazon,United States,ENABLED,USD,$23.0,Manual targeting,Dynamic bids - down only,905,,29,,3.2039999999999997%,$27.89,,$0.9617241,$0.0,5,22.883%,4.37,$121.88
"Feb 08, 2026","Feb 14, 2026",Cross stitch backpack charms,Sponsored Products,cross girl - SPM SK cross stitch kits for kids TOS,Amazon,United States,ENABLED,USD,$25.0,Manual targeting,Dynamic bids - down only,2020,,36,,1.7819999999999998%,$41.52,,$1.1533333000000001,$0.0,3,69.269%,1.44,$59.94
"Feb 08, 2026","Feb 14, 2026",punch needle Plush heart,Sponsored Products,punch needle - SPM SK kids punch needle kit TOS PUSH,Amazon,United States,ENABLED,USD,$20.0,Manual targeting,Dynamic bids - down only,72,,5,,6.944%,$5.56,,$1.112,$0.0,1,27.828000000000003%,3.59,$19.98
"Feb 08, 2026","Feb 14, 2026",punch needle Plush heart,Sponsored Products,punch needle - SPM SK punch needle kit for kids ages 8-12,Amazon,United States,ENABLED,USD,$20.0,Manual targeting,Dynamic bids - down only,87,,2,,2.299%,$0.82,,$0.41,$0.0,0,0.0%,0.0,$0.0
"Feb 08, 2026","Feb 14, 2026",princess lacing cards,Sponsored Products,princess lacing - SPA auto,Amazon,United States,ENABLED,USD,$8.0,Automatic targeting,Dynamic bids - down only,9723,,146,,1.502%,$94.23,,$0.645411,$0.0,13,36.279%,2.76,$259.74
"Feb 08, 2026","Feb 14, 2026",princess lacing cards,Sponsored Products,princess lacing - SPM MK broad TOS,Amazon,United States,ENABLED,USD,$20.0,Manual targeting,Dynamic bids - down only,1752,,103,,5.8790000000000004%,$185.16,,$1.7976698999999998,$0.0,15,61.782000000000004%,1.62,$299.7
"Feb 08, 2026","Feb 14, 2026",princess lacing cards,Sponsored Products,princess lacing - SPM SK lacing cards for kids ages 3-5 TOS,Amazon,United States,ENABLED,USD,$20.0,Manual targeting,Dynamic bids - down only,116,,8,,6.897%,$12.03,,$1.50375,$0.0,0,0.0%,0.0,$0.0
"Feb 10, 2026","Feb 12, 2026",princess lacing cards,Sponsored Products,princess lacing - SPM SK lacing cards for kids ages 4-8 TOS,Amazon,United States,ENABLED,USD,$30.0,Manual targeting,Dynamic bids - down only,1,,0,,0.0%,$0.0,,$0.0,$0.0,0,0.0%,0.0,$0.0
"Feb 08, 2026","Feb 14, 2026",Latch hook kits,Sponsored Products,latch hook - SPM SK hook rug kits for kids TOS,Amazon,United States,ENABLED,USD,$15.0,Manual targeting,Dynamic bids - down only,168,,5,,2.976%,$5.22,,$1.044,$0.0,0,0.0%,0.0,$0.0
"Feb 08, 2026","Feb 14, 2026",Embroidery for kids,Sponsored Products,embroidery beginner - SPM SK easy embroidery kit beginner TOS,Amazon,United States,ENABLED,USD,$20.0,Manual targeting,Dynamic bids - down only,104,,1,,0.962%,$1.27,,$1.27,$0.0,0,0.0%,0.0,$0.0
"Feb 08, 2026","Feb 14, 2026",Embroidery for kids,Sponsored Products,embroidery beginner - SPM MK broad TOS,Amazon,United States,ENABLED,USD,$20.0,Manual targeting,Dynamic bids - down only,8505,,144,,1.693%,$140.99,,$0.9790971999999999,$0.0,14,38.763%,2.58,$363.72
"Feb 08, 2026","Feb 14, 2026",fuse beads,Sponsored Products,mini fuse beads - SPM MK broad mini root,Amazon,United States,ENABLED,USD,$25.0,Manual targeting,Dynamic bids - down only,13658,,150,,1.098%,$174.78,,$1.1652,$0.0,14,37.749%,2.65,$463.0
"Feb 08, 2026","Feb 14, 2026",fuse beads,Sponsored Products,mini fuse beads - SPM MK BROAD shinshin creation root,Amazon,United States,ENABLED,USD,$20.0,Manual targeting,Dynamic bids - down only,1465,,5,,0.34099999999999997%,$3.53,,$0.706,$0.0,2,5.194%,19.25,$67.96
"Feb 08, 2026","Feb 14, 2026",Cat And Hat Knitting,Sponsored Products,cat knitting - SPM SK loom knitting kit TOS,Amazon,United States,ENABLED,USD,$16.0,Manual targeting,Dynamic bids - up and down,6477,,55,,0.849%,$49.82,,$0.9058181999999999,$0.0,1,184.655%,0.54,$26.98
"Feb 08, 2026","Feb 14, 2026",Cat And Hat Knitting,Sponsored Products,cat knitting - SPM SK knitting beginner kit TOS,Amazon,United States,ENABLED,USD,$15.0,Manual targeting,Dynamic bids - down only,663,,11,,1.659%,$5.83,,$0.53,$0.0,1,21.609%,4.63,$26.98
"Feb 08, 2026","Feb 14, 2026",Cross And Embroidery Kits,Sponsored Products,cross embroidery - small kit SPM SK beginner cross stitch kits for kids TOS,Amazon,United States,ENABLED,USD,$20.0,Manual targeting,Dynamic bids - down only,2589,,27,,1.043%,$18.54,,$0.6866667,$0.0,1,92.793%,1.08,$19.98
"Feb 08, 2026","Feb 14, 2026",4 Flowers embroidery,Sponsored Products,4 flowers - SPM SK beginner needlepoint kits for adults TOS,Amazon,United States,ENABLED,USD,$15.0,Manual targeting,Dynamic bids - down only,925,,21,,2.27%,$22.79,,$1.0852381,$0.0,1,91.233%,1.1,$24.98
"Feb 08, 2026","Feb 14, 2026",4 Flowers embroidery,Sponsored Products,4 flowers - SPM SK easy embroidery kits for beginners TOS,Amazon,United States,ENABLED,USD,$15.0,Manual targeting,Dynamic bids - up and down,3419,,36,,1.053%,$26.81,,$0.7447221999999999,$0.0,4,27.662%,3.62,$96.92
"Feb 08, 2026","Feb 14, 2026",4 Flowers embroidery,Sponsored Products,4 flowers - SPM MK broad ultra targeted,Amazon,United States,ENABLED,USD,$12.0,Manual targeting,Dynamic bids - down only,16426,,146,,0.889%,$84.41,,$0.5781507,$0.0,7,51.198%,1.95,$164.87
"Feb 08, 2026","Feb 14, 2026",4 Flowers embroidery,Sponsored Products,4 flowers - SPM SK beginners embroidery kit for adults TOS,Amazon,United States,ENABLED,USD,$20.0,Manual targeting,Dynamic bids - down only,5803,,86,,1.482%,$51.11,,$0.5943023000000001,$0.0,7,28.736%,3.48,$177.86
"Feb 08, 2026","Feb 14, 2026",Latch Hook Pillow,Sponsored Products,latch pillow - SPM SK latch hook rug kits for kids TOS,Amazon,United States,ENABLED,USD,$15.0,Manual targeting,Dynamic bids - down only,5,,0,,0.0%,$0.0,,$0.0,$0.0,0,0.0%,0.0,$0.0
"Feb 08, 2026","Feb 14, 2026",fairy family,Sponsored Products,fairy sewing - SPM SK kids sewing kits age 5-8 TOS,Amazon,United States,ENABLED,USD,$14.0,Manual targeting,Dynamic bids - down only,10771,,106,,0.984%,$98.73,,$0.9314150999999999,$0.0,11,34.193%,2.92,$288.74
"Feb 08, 2026","Feb 14, 2026",fairy family,Sponsored Products,fairy sewing - SPM SK doll making kit TOS,Amazon,United States,ENABLED,USD,$11.0,Manual targeting,Dynamic bids - down only,315,,4,,1.27%,$4.7,,$1.175,$0.0,1,21.383%,4.68,$21.98
"Feb 08, 2026","Feb 14, 2026",4 Flowers embroidery,Sponsored Products,4 flowers - SPM SK embroidery for beginners TOS,Amazon,United States,ENABLED,USD,$11.0,Manual targeting,Dynamic bids - up and down,4722,,54,,1.1440000000000001%,$54.51,,$1.0094444,$0.0,0,0.0%,0.0,$0.0
"Feb 08, 2026","Feb 08, 2026",princess lacing cards,Sponsored Products,princess lacing - SPM SK toddler sewing kit TOS,Amazon,United States,ENABLED,USD,$13.0,Manual targeting,Dynamic bids - down only,1,,1,,100.0%,$1.82,,$1.82,$0.0,1,9.109%,10.98,$19.98
"Feb 08, 2026","Feb 14, 2026",Latch Hook Pillow,Sponsored Products,latch hook pillow - SPM SK latch hook kits for beginners TOS,Amazon,United States,ENABLED,USD,$13.0,Manual targeting,Dynamic bids - down only,119,,4,,3.361%,$4.86,,$1.215,$0.0,1,19.456%,5.14,$24.98
"Feb 08, 2026","Feb 14, 2026",princess lacing cards,Sponsored Products,princess lacing - SPM MK lacing root TOS,Amazon,United States,ENABLED,USD,$20.0,Manual targeting,Dynamic bids - down only,197,,9,,4.569%,$11.65,,$1.2944444,$0.0,1,58.30800000000001%,1.72,$19.98
"Feb 08, 2026","Feb 14, 2026",princess lacing cards,Sponsored Products,princess lacing - SPM MP product targeting,Amazon,United States,ENABLED,USD,$8.0,Manual targeting,Dynamic bids - down only,1498,,72,,4.806%,$103.33,,$1.4351389,$0.0,8,64.646%,1.55,$159.84
