Start Date,End Date,Portfolio name,Currency,Campaign Name,Retailer,Country,Bidding strategy,Placement,Impressions,Clicks,Cost Per Click (CPC),Spend,7 Day Total Sales ,Total Advertising Cost of Sales (ACOS) ,Total Return on Advertising Spend (ROAS),7 Day Total Orders (#),7 Day Total Units (#)
"Feb 11, 2026","Feb 17, 2026",fairy family,USD,fairy sewing - auto,Amazon,United States,Dynamic bids - down only,Product pages on Amazon,301,5,$0.31,$1.55,$21.98,7.0519%,14.18,1,1
"Feb 11, 2026","Feb 17, 2026",fairy family,USD,fairy sewing - auto,Amazon,United States,Dynamic bids - down only,Off Amazon,362,0,,$0.00,$0.00,,,0,0
"Feb 11, 2026","Feb 17, 2026",fairy family,USD,fairy sewing - auto,Amazon,United States,Dynamic bids - down only,Rest of search on Amazon,147,1,$0.31,$0.31,$0.00,,0.00,0,0
"Feb 11, 2026","Feb 17, 2026",fairy family,USD,fairy sewing - auto,Amazon,United States,Dynamic bids - down only,Top of Search on Amazon,770,42,$0.86,$35.94,$136.88,26.2566%,3.81,6,6
"Feb 11, 2026","Feb 17, 2026",.Catch All Auto,USD,Catch All - Auto - 0.39 - Incrementum,Amazon,United States,Dynamic bids - down only,Product pages on Amazon,24232,201,$0.36,$71.59,$209.84,34.1165%,2.93,8,8
"Feb 11, 2026","Feb 17, 2026",.Catch All Auto,USD,Catch All - Auto - 0.39 - Incrementum,Amazon,United States,Dynamic bids - down only,Off Amazon,25535,95,$0.16,$15.63,$0.00,,0.00,0,0
"Feb 11, 2026","Feb 17, 2026",.Catch All Auto,USD,Catch All - Auto - 0.39 - Incrementum,Amazon,United States,Dynamic bids - down only,Rest of search on Amazon,20953,124,$0.28,$34.73,$205.26,16.9200%,5.91,7,7
"Feb 11, 2026","Feb 17, 2026",.Catch All Auto,USD,Catch All - Auto - 0.39 - Incrementum,Amazon,United States,Dynamic bids - down only,Top of Search on Amazon,40,7,$0.25,$1.74,$0.00,,0.00,0,0
"Feb 11, 2026","Feb 17, 2026",.Catch All Auto,USD,Catch All - Auto - 0.49 - Incrementum,Amazon,United States,Dynamic bids - down only,Product pages on Amazon,2986,24,$0.32,$7.62,$61.94,12.3022%,8.13,2,3
"Feb 11, 2026","Feb 17, 2026",.Catch All Auto,USD,Catch All - Auto - 0.49 - Incrementum,Amazon,United States,Dynamic bids - down only,Off Amazon,1840,3,$0.16,$0.49,$0.00,,0.00,0,0
"Feb 11, 2026","Feb 17, 2026",.Catch All Auto,USD,Catch All - Auto - 0.49 - Incrementum,Amazon,United States,Dynamic bids - down only,Rest of search on Amazon,1843,18,$0.33,$5.94,$22.98,25.8486%,3.87,1,1
"Feb 11, 2026","Feb 17, 2026",.Catch All Auto,USD,Catch All - Auto - 0.49 - Incrementum,Amazon,United States,Dynamic bids - down only,Top of Search on Amazon,91,0,,$0.00,$0.00,,,0,0
"Feb 11, 2026","Feb 17, 2026",.Catch All Auto,USD,Catch All - Auto - 0.29 - Incrementum,Amazon,United States,Dynamic bids - down only,Product pages on Amazon,36939,66,$0.27,$17.59,$0.00,,0.00,0,0
"Feb 11, 2026","Feb 17, 2026",.Catch All Auto,USD,Catch All - Auto - 0.29 - Incrementum,Amazon,United States,Dynamic bids - down only,Off Amazon,18427,65,$0.19,$12.36,$32.98,37.4773%,2.67,1,1
"Feb 11, 2026","Feb 17, 2026",.Catch All Auto,USD,Catch All - Auto - 0.29 - Incrementum,Amazon,United States,Dynamic bids - down only,Rest of search on Amazon,57614,614,$0.33,$202.89,$816.89,24.8369%,4.03,36,37
"Feb 11, 2026","Feb 17, 2026",.Catch All Auto,USD,Catch All - Auto - 0.29 - Incrementum,Amazon,United States,Dynamic bids - down only,Top of Search on Amazon,1749,46,$0.36,$16.61,$122.88,13.5173%,7.40,6,6
"Feb 11, 2026","Feb 17, 2026",Cross stitch backpack charms,USD,B0B18ZRRCQ - Cats Cross Stitch Kits - CG PAT Vol2 - Incr - SP - Default Pat - um5gbcjh,Amazon,United States,Dynamic bids - down only,Product pages on Amazon,1,0,,$0.00,$0.00,,,0,0
"Feb 11, 2026","Feb 17, 2026",Cross stitch backpack charms,USD,B0B18ZRRCQ - Cats Cross Stitch Kits - CG PAT Vol2 - Incr - SP - Default Pat - um5gbcjh,Amazon,United States,Dynamic bids - down only,Off Amazon,38,1,$0.22,$0.22,$0.00,,0.00,0,0
"Feb 11, 2026","Feb 17, 2026",Cross stitch backpack charms,USD,B0B18ZRRCQ - Cats Cross Stitch Kits - CG PAT Vol2 - Incr - SP - Default Pat - um5gbcjh,Amazon,United States,Dynamic bids - down only,Rest of search on Amazon,15,1,$0.53,$0.53,$0.00,,0.00,0,0
"Feb 15, 2026","Feb 15, 2026",Cross stitch backpack charms,USD,B0B18ZRRCQ - Cats Cross Stitch Kits - CG PAT Vol2 - Incr - SP - Default Pat - um5gbcjh,Amazon,United States,Dynamic bids - down only,Top of Search on Amazon,1,0,,$0.00,$0.00,,,0,0
"Feb 11, 2026","Feb 17, 2026",Latch Hook Pillow,USD,latch hook pillow - SPM SK latch hook kits for beginners TOS,Amazon,United States,Dynamic bids - down only,Product pages on Amazon,21,0,,$0.00,$0.00,,,0,0
"Feb 11, 2026","Feb 17, 2026",Latch Hook Pillow,USD,latch hook pillow - SPM SK latch hook kits for beginners TOS,Amazon,United States,Dynamic bids - down only,Top of Search on Amazon,109,6,$1.22,$7.31,$24.98,29.2634%,3.42,1,1
"Feb 11, 2026","Feb 17, 2026",fairy family,USD,fairy sewing - SPM SK doll making kit TOS,Amazon,United States,Dynamic bids - down only,Product pages on Amazon,144,0,,$0.00,$0.00,,,0,0
"Feb 11, 2026","Feb 17, 2026",fairy family,USD,fairy sewing - SPM SK doll making kit TOS,Amazon,United States,Dynamic bids - down only,Rest of search on Amazon,31,0,,$0.00,$0.00,,,0,0
"Feb 11, 2026","Feb 17, 2026",fairy family,USD,fairy sewing - SPM SK doll making kit TOS,Amazon,United States,Dynamic bids - down only,Top of Search on Amazon,67,3,$1.14,$3.43,$0.00,,0.00,0,0
"Feb 11, 2026","Feb 17, 2026",4 Flowers embroidery,USD,4 flowers - SPM SK embroidery for beginners TOS,Amazon,United States,Dynamic bids - up and down,Product pages on Amazon,2360,12,$0.78,$9.36,$0.00,,0.00,0,0
"Feb 11, 2026","Feb 17, 2026",4 Flowers embroidery,USD,4 flowers - SPM SK embroidery for beginners TOS,Amazon,United States,Dynamic bids - up and down,Off Amazon,667,8,$0.27,$2.16,$0.00,,0.00,0,0
"Feb 11, 2026","Feb 17, 2026",4 Flowers embroidery,USD,4 flowers - SPM SK embroidery for beginners TOS,Amazon,United States,Dynamic bids - up and down,Rest of search on Amazon,473,7,$1.00,$6.98,$0.00,,0.00,0,0
"Feb 11, 2026","Feb 17, 2026",4 Flowers embroidery,USD,4 flowers - SPM SK embroidery for beginners TOS,Amazon,United States,Dynamic bids - up and down,Top of Search on Amazon,307,29,$1.35,$39.09,$0.00,,0.00,0,0
"Feb 11, 2026","Feb 17, 2026",fairy family,USD,fairy sewing - SPM SK kids sewing kits age 5-8 TOS,Amazon,United States,Dynamic bids - down only,Product pages on Amazon,10448,85,$0.78,$66.37,$243.78,27.2254%,3.67,9,11
"Feb 11, 2026","Feb 17, 2026",fairy family,USD,fairy sewing - SPM SK kids sewing kits age 5-8 TOS,Amazon,United States,Dynamic bids - down only,Rest of search on Amazon,120,1,$0.79,$0.79,$0.00,,0.00,0,0
"Feb 11, 2026","Feb 17, 2026",fairy family,USD,fairy sewing - SPM SK kids sewing kits age 5-8 TOS,Amazon,United States,Dynamic bids - down only,Top of Search on Amazon,165,17,$1.81,$30.82,$21.98,140.2184%,0.71,1,1
"Feb 11, 2026","Feb 12, 2026",princess lacing cards,USD,princess lacing - SPM MK lacing root TOS,Amazon,United States,Dynamic bids - down only,Product pages on Amazon,1,0,,$0.00,$0.00,,,0,0
"Feb 11, 2026","Feb 16, 2026",princess lacing cards,USD,princess lacing - SPM MK lacing root TOS,Amazon,United States,Dynamic bids - down only,Rest of search on Amazon,1,0,,$0.00,$0.00,,,0,0
"Feb 11, 2026","Feb 17, 2026",princess lacing cards,USD,princess lacing - SPM MK lacing root TOS,Amazon,United States,Dynamic bids - down only,Top of Search on Amazon,193,6,$1.37,$8.22,$19.98,41.1411%,2.43,1,1
"Feb 11, 2026","Feb 17, 2026",princess lacing cards,USD,princess lacing - SPM MP product targeting,Amazon,United States,Dynamic bids - down only,Off Amazon,6,0,,$0.00,$0.00,,,0,0
"Feb 11, 2026","Feb 17, 2026",princess lacing cards,USD,princess lacing - SPM MP product targeting,Amazon,United States,Dynamic bids - down only,Rest of search on Amazon,700,13,$0.81,$10.56,$39.96,26.4264%,3.78,2,2
"Feb 11, 2026","Feb 17, 2026",princess lacing cards,USD,princess lacing - SPM MP product targeting,Amazon,United States,Dynamic bids - down only,Top of Search on Amazon,823,57,$1.60,$91.26,$99.90,91.3514%,1.09,4,5
"Feb 11, 2026","Feb 17, 2026",Cross stitch backpack charms,USD,B08DDJCQKF Cross stitch girl broad,Amazon,United States,Dynamic bids - down only,Product pages on Amazon,2531,11,$0.68,$7.48,$19.98,37.4374%,2.67,1,1
"Feb 11, 2026","Feb 17, 2026",Cross stitch backpack charms,USD,B08DDJCQKF Cross stitch girl broad,Amazon,United States,Dynamic bids - down only,Off Amazon,7,0,,$0.00,$0.00,,,0,0
"Feb 11, 2026","Feb 17, 2026",Cross stitch backpack charms,USD,B08DDJCQKF Cross stitch girl broad,Amazon,United States,Dynamic bids - down only,Rest of search on Amazon,351,3,$0.67,$2.02,$0.00,,0.00,0,0
"Feb 11, 2026","Feb 17, 2026",Cross stitch backpack charms,USD,B08DDJCQKF Cross stitch girl broad,Amazon,United States,Dynamic bids - down only,Top of Search on Amazon,524,27,$1.27,$34.32,$79.92,42.9429%,2.33,4,4
"Feb 11, 2026","Feb 17, 2026",Cross stitch backpack charms,USD,B08DDJCQKF Cross stitch girl broad 2,Amazon,United States,Dynamic bids - down only,Product pages on Amazon,4549,29,$0.60,$17.50,$79.92,21.8969%,4.57,4,4
"Feb 12, 2026","Feb 17, 2026",Cross stitch backpack charms,USD,B08DDJCQKF Cross stitch girl broad 2,Amazon,United States,Dynamic bids - down only,Off Amazon,4,0,,$0.00,$0.00,,,0,0
"Feb 11, 2026","Feb 17, 2026",Cross stitch backpack charms,USD,B08DDJCQKF Cross stitch girl broad 2,Amazon,United States,Dynamic bids - down only,Rest of search on Amazon,693,4,$0.60,$2.40,$0.00,,0.00,0,0
"Feb 11, 2026","Feb 17, 2026",Cross stitch backpack charms,USD,B08DDJCQKF Cross stitch girl broad 2,Amazon,United States,Dynamic bids - down only,Top of Search on Amazon,2064,184,$1.23,$225.59,$421.58,53.5106%,1.87,18,21
"Feb 11, 2026","Feb 17, 2026",fuse beads,USD,48 Minibeads - broad auto,Amazon,United States,Dynamic bids - down only,Product pages on Amazon,8500,39,$0.53,$20.63,$32.98,62.5531%,1.60,1,1
"Feb 11, 2026","Feb 17, 2026",fuse beads,USD,48 Minibeads - broad auto,Amazon,United States,Dynamic bids - down only,Off Amazon,6478,17,$0.12,$2.07,$0.00,,0.00,0,0
"Feb 11, 2026","Feb 17, 2026",fuse beads,USD,48 Minibeads - broad auto,Amazon,United States,Dynamic bids - down only,Rest of search on Amazon,8419,27,$0.51,$13.85,$32.98,41.9951%,2.38,1,1
"Feb 11, 2026","Feb 17, 2026",fuse beads,USD,48 Minibeads - broad auto,Amazon,United States,Dynamic bids - down only,Top of Search on Amazon,1801,83,$0.86,$71.48,$100.94,70.8143%,1.41,3,3
"Feb 11, 2026","Feb 17, 2026",Cross stitch backpack charms,USD,B08DDJCQKF Cross girl - auto,Amazon,United States,Dynamic bids - down only,Product pages on Amazon,0,0,,$0.00,$0.00,,,0,0
"Feb 11, 2026","Feb 17, 2026",Cross stitch backpack charms,USD,B08DDJCQKF Cross girl - auto,Amazon,United States,Dynamic bids - down only,Rest of search on Amazon,2,0,,$0.00,$0.00,,,0,0
"Feb 11, 2026","Feb 17, 2026",Cross stitch backpack charms,USD,B08DDJCQKF Cross girl - auto,Amazon,United States,Dynamic bids - down only,Top of Search on Amazon,1294,82,$1.06,$87.14,$199.80,43.6136%,2.29,9,10
"Feb 11, 2026","Feb 17, 2026",Cross stitch backpack charms,USD,Dog & CAT & Safari animals Cross Stitch Kits - SP - Exact,Amazon,United States,Dynamic bids - down only,Product pages on Amazon,5814,29,$0.61,$17.77,$21.98,80.8462%,1.24,1,1
"Feb 11, 2026","Feb 17, 2026",Cross stitch backpack charms,USD,Dog & CAT & Safari animals Cross Stitch Kits - SP - Exact,Amazon,United States,Dynamic bids - down only,Off Amazon,36,0,,$0.00,$0.00,,,0,0
"Feb 11, 2026","Feb 17, 2026",Cross stitch backpack charms,USD,Dog & CAT & Safari animals Cross Stitch Kits - SP - Exact,Amazon,United States,Dynamic bids - down only,Rest of search on Amazon,1726,16,$0.61,$9.75,$26.98,36.1379%,2.77,1,1
"Feb 11, 2026","Feb 17, 2026",Cross stitch backpack charms,USD,Dog & CAT & Safari animals Cross Stitch Kits - SP - Exact,Amazon,United States,Dynamic bids - down only,Top of Search on Amazon,113,4,$0.75,$3.00,$26.98,11.1193%,8.99,1,1
"Feb 11, 2026","Feb 17, 2026",Latch hook kits,USD,Latch Hook kits - SP - Product Target,Amazon,United States,Dynamic bids - down only,Product pages on Amazon,20,0,,$0.00,$0.00,,,0,0
"Feb 11, 2026","Feb 17, 2026",Latch hook kits,USD,Latch Hook kits - SP - Product Target,Amazon,United States,Dynamic bids - down only,Rest of search on Amazon,148,6,$0.32,$1.92,$24.98,7.6861%,13.01,1,1
"Feb 11, 2026","Feb 17, 2026",Latch hook kits,USD,Latch Hook kits - SP - Product Target,Amazon,United States,Dynamic bids - down only,Top of Search on Amazon,13,0,,$0.00,$0.00,,,0,0
"Feb 11, 2026","Feb 17, 2026",Latch hook kits,USD,Latch Hook kits - SP - Auto,Amazon,United States,Dynamic bids - down only,Product pages on Amazon,1041,5,$0.32,$1.62,$0.00,,0.00,0,0
"Feb 11, 2026","Feb 17, 2026",Latch hook kits,USD,Latch Hook kits - SP - Auto,Amazon,United States,Dynamic bids - down only,Off Amazon,114,1,$0.16,$0.16,$0.00,,0.00,0,0
"Feb 11, 2026","Feb 17, 2026",Latch hook kits,USD,Latch Hook kits - SP - Auto,Amazon,United States,Dynamic bids - down only,Rest of search on Amazon,815,9,$0.36,$3.20,$41.96,7.6263%,13.11,2,2
"Feb 11, 2026","Feb 17, 2026",Latch hook kits,USD,Latch Hook kits - SP - Auto,Amazon,United States,Dynamic bids - down only,Top of Search on Amazon,325,17,$0.82,$13.90,$39.96,34.7848%,2.87,2,2
"Feb 11, 2026","Feb 17, 2026",Latch hook kits,USD,Latch Hook kits - SP - Exact,Amazon,United States,Dynamic bids - down only,Product pages on Amazon,242,1,$0.39,$0.39,$0.00,,0.00,0,0
"Feb 11, 2026","Feb 17, 2026",Latch hook kits,USD,Latch Hook kits - SP - Exact,Amazon,United States,Dynamic bids - down only,Rest of search on Amazon,38,0,,$0.00,$0.00,,,0,0
"Feb 13, 2026","Feb 17, 2026",Latch hook kits,USD,Latch Hook kits - SP - Exact,Amazon,United States,Dynamic bids - down only,Top of Search on Amazon,6,0,,$0.00,$0.00,,,0,0
"Feb 11, 2026","Feb 17, 2026",Embroidery for kids,USD,B09X55KL2C 10 Embroidery kit - SP - EXACT,Amazon,United States,Dynamic bids - down only,Product pages on Amazon,1780,8,$0.47,$3.77,$0.00,,0.00,0,0
"Feb 11, 2026","Feb 17, 2026",Embroidery for kids,USD,B09X55KL2C 10 Embroidery kit - SP - EXACT,Amazon,United States,Dynamic bids - down only,Rest of search on Amazon,172,1,$0.61,$0.61,$26.98,2.2609%,44.23,1,1
"Feb 11, 2026","Feb 17, 2026",Embroidery for kids,USD,B09X55KL2C 10 Embroidery kit - SP - EXACT,Amazon,United States,Dynamic bids - down only,Top of Search on Amazon,171,22,$1.12,$24.69,$26.98,91.5122%,1.09,1,1
"Feb 11, 2026","Feb 17, 2026",Cross stitch backpack charms,USD,B08DDJCQKF Cross stitch girl  LOW BID AUTO Low bid,Amazon,United States,Dynamic bids - down only,Product pages on Amazon,1,0,,$0.00,$0.00,,,0,0
"Feb 11, 2026","Feb 12, 2026",Cross stitch backpack charms,USD,B08DDJCQKF Cross stitch girl  LOW BID AUTO Low bid,Amazon,United States,Dynamic bids - down only,Off Amazon,3,0,,$0.00,$0.00,,,0,0
"Feb 11, 2026","Feb 17, 2026",Cross stitch backpack charms,USD,B08DDJCQKF Cross stitch girl  LOW BID AUTO Low bid,Amazon,United States,Dynamic bids - down only,Rest of search on Amazon,7,0,,$0.00,$0.00,,,0,0
"Feb 12, 2026","Feb 12, 2026",Cross stitch backpack charms,USD,B08DDJCQKF Cross stitch girl  LOW BID AUTO Low bid,Amazon,United States,Dynamic bids - down only,Top of Search on Amazon,1,0,,$0.00,$0.00,,,0,0
"Feb 13, 2026","Feb 13, 2026",Embroidery for kids,USD,B09X55KL2C 10 embroidery LOW BID AUTO TOS,Amazon,United States,Dynamic bids - down only,Product pages on Amazon,0,0,,$0.00,$0.00,,,0,0
"Feb 13, 2026","Feb 16, 2026",Embroidery for kids,USD,B09X55KL2C 10 embroidery LOW BID AUTO TOS,Amazon,United States,Dynamic bids - down only,Rest of search on Amazon,2,0,,$0.00,$0.00,,,0,0
"Feb 11, 2026","Feb 17, 2026",Embroidery for kids,USD,B09X55KL2C 10 embroidery LOW BID AUTO TOS,Amazon,United States,Dynamic bids - down only,Top of Search on Amazon,10,0,,$0.00,$0.00,,,0,0
"Feb 11, 2026","Feb 17, 2026",fairy family,USD,B09WQSBZY7 Fairy LOW BID product target,Amazon,United States,Dynamic bids - down only,Product pages on Amazon,61,0,,$0.00,$0.00,,,0,0
"Feb 11, 2026","Feb 16, 2026",fairy family,USD,B09WQSBZY7 Fairy LOW BID product target,Amazon,United States,Dynamic bids - down only,Off Amazon,16,0,,$0.00,$0.00,,,0,0
"Feb 11, 2026","Feb 17, 2026",fairy family,USD,B09WQSBZY7 Fairy LOW BID product target,Amazon,United States,Dynamic bids - down only,Rest of search on Amazon,78,0,,$0.00,$0.00,,,0,0
"Feb 11, 2026","Feb 16, 2026",Cross stitch backpack charms,USD,B08DDJCQKF Cross stitch girl LOW BID manual targeting,Amazon,United States,Dynamic bids - down only,Product pages on Amazon,1,0,,$0.00,$0.00,,,0,0
"Feb 11, 2026","Feb 17, 2026",Cross stitch backpack charms,USD,B08DDJCQKF Cross stitch girl LOW BID manual targeting,Amazon,United States,Dynamic bids - down only,Rest of search on Amazon,45,0,,$0.00,$0.00,,,0,0
"Feb 17, 2026","Feb 17, 2026",Cross stitch backpack charms,USD,B08DDJCQKF Cross stitch girl LOW BID manual targeting,Amazon,United States,Dynamic bids - down only,Top of Search on Amazon,1,1,$0.08,$0.08,$0.00,,0.00,0,0
"Feb 12, 2026","Feb 16, 2026",Embroidery for kids,USD,B09X55KL2C 10 embroidery LOW BID product targeting,Amazon,United States,Dynamic bids - down only,Product pages on Amazon,0,0,,$0.00,$0.00,,,0,0
"Feb 11, 2026","Feb 11, 2026",Embroidery for kids,USD,B09X55KL2C 10 embroidery LOW BID product targeting,Amazon,United States,Dynamic bids - down only,Off Amazon,1,0,,$0.00,$0.00,,,0,0
"Feb 11, 2026","Feb 17, 2026",Embroidery for kids,USD,B09X55KL2C 10 embroidery LOW BID product targeting,Amazon,United States,Dynamic bids - down only,Rest of search on Amazon,179,0,,$0.00,$0.00,,,0,0
"Feb 11, 2026","Feb 15, 2026",Embroidery for kids,USD,B09X55KL2C 10 embroidery LOW BID product targeting,Amazon,United States,Dynamic bids - down only,Top of Search on Amazon,0,0,,$0.00,$0.00,,,0,0
"Feb 11, 2026","Feb 17, 2026",Embroidery for kids,USD,B09X55KL2C 10 embroidery LOW BID Manual Research,Amazon,United States,Dynamic bids - down only,Product pages on Amazon,3,0,,$0.00,$0.00,,,0,0
"Feb 11, 2026","Feb 17, 2026",Embroidery for kids,USD,B09X55KL2C 10 embroidery LOW BID Manual Research,Amazon,United States,Dynamic bids - down only,Rest of search on Amazon,230,1,$0.08,$0.08,$0.00,,0.00,0,0
"Feb 17, 2026","Feb 17, 2026",Embroidery for kids,USD,B09X55KL2C 10 embroidery LOW BID Manual Research,Amazon,United States,Dynamic bids - down only,Top of Search on Amazon,1,0,,$0.00,$0.00,,,0,0
"Feb 11, 2026","Feb 17, 2026",fairy family,USD,B09WQSBZY7 Fairy LOW BID AUTO LOW BID,Amazon,United States,Dynamic bids - down only,Product pages on Amazon,102,0,,$0.00,$0.00,,,0,0
"Feb 11, 2026","Feb 17, 2026",fairy family,USD,B09WQSBZY7 Fairy LOW BID AUTO LOW BID,Amazon,United States,Dynamic bids - down only,Rest of search on Amazon,21,0,,$0.00,$0.00,,,0,0
"Feb 11, 2026","Feb 17, 2026",Stitch Dictionary All,USD,Stitch Dictionary CAT LOW BID Manual Targeting,Amazon,United States,Dynamic bids - down only,Product pages on Amazon,43,0,,$0.00,$0.00,,,0,0
"Feb 11, 2026","Feb 17, 2026",Stitch Dictionary All,USD,Stitch Dictionary CAT LOW BID Manual Targeting,Amazon,United States,Dynamic bids - down only,Rest of search on Amazon,42,0,,$0.00,$0.00,,,0,0
"Feb 11, 2026","Feb 17, 2026",fairy family,USD,B09WQSBZY7 Fairy LOW BID MANUAL TARGETING,Amazon,United States,Dynamic bids - down only,Product pages on Amazon,121,0,,$0.00,$0.00,,,0,0
"Feb 11, 2026","Feb 17, 2026",fairy family,USD,B09WQSBZY7 Fairy LOW BID MANUAL TARGETING,Amazon,United States,Dynamic bids - down only,Off Amazon,105,0,,$0.00,$0.00,,,0,0
"Feb 11, 2026","Feb 17, 2026",fairy family,USD,B09WQSBZY7 Fairy LOW BID MANUAL TARGETING,Amazon,United States,Dynamic bids - down only,Rest of search on Amazon,198,0,,$0.00,$0.00,,,0,0
"Feb 15, 2026","Feb 15, 2026",fairy family,USD,B0BNDVTTSH Ballerina LOW BID AUTO TOS,Amazon,United States,Dynamic bids - down only,Rest of search on Amazon,1,0,,$0.00,$0.00,,,0,0
"Feb 14, 2026","Feb 14, 2026",fairy family,USD,B0BNDVTTSH Ballerina LOW BID AUTO Low bid,Amazon,United States,Dynamic bids - down only,Product pages on Amazon,0,0,,$0.00,$0.00,,,0,0
"Feb 13, 2026","Feb 13, 2026",fairy family,USD,B0BNDVTTSH Ballerina LOW BID AUTO Low bid,Amazon,United States,Dynamic bids - down only,Rest of search on Amazon,1,0,,$0.00,$0.00,,,0,0
"Feb 11, 2026","Feb 17, 2026",Embroidery for kids,USD,B09X55KL2C 10 embroidery LOW BID AUTO low bid,Amazon,United States,Dynamic bids - down only,Product pages on Amazon,49,0,,$0.00,$0.00,,,0,0
"Feb 11, 2026","Feb 11, 2026",Embroidery for kids,USD,B09X55KL2C 10 embroidery LOW BID AUTO low bid,Amazon,United States,Dynamic bids - down only,Off Amazon,1,0,,$0.00,$0.00,,,0,0
"Feb 11, 2026","Feb 17, 2026",Embroidery for kids,USD,B09X55KL2C 10 embroidery LOW BID AUTO low bid,Amazon,United States,Dynamic bids - down only,Rest of search on Amazon,247,1,$0.05,$0.05,$0.00,,0.00,0,0
"Feb 13, 2026","Feb 16, 2026",Embroidery for kids,USD,B09X55KL2C 10 embroidery LOW BID AUTO low bid,Amazon,United States,Dynamic bids - down only,Top of Search on Amazon,4,1,$0.20,$0.20,$0.00,,0.00,0,0
"Feb 13, 2026","Feb 14, 2026",Stitch Dictionary All,USD,Stitch Dictionary Elephant LOW BID AUTO LOW BID,Amazon,United States,Dynamic bids - down only,Rest of search on Amazon,1,0,,$0.00,$0.00,,,0,0
"Feb 17, 2026","Feb 17, 2026",Stitch Dictionary All,USD,Stitch Dictionary Heart LOW BID Product Targeting,Amazon,United States,Dynamic bids - down only,Rest of search on Amazon,1,0,,$0.00,$0.00,,,0,0
"Feb 11, 2026","Feb 17, 2026",Stitch Dictionary All,USD,Stitch Dictionary LOW BID Manual Targeting,Amazon,United States,Dynamic bids - down only,Product pages on Amazon,6,0,,$0.00,$0.00,,,0,0
"Feb 17, 2026","Feb 17, 2026",Stitch Dictionary All,USD,Stitch Dictionary LOW BID Manual Targeting,Amazon,United States,Dynamic bids - down only,Rest of search on Amazon,2,0,,$0.00,$0.00,,,0,0
"Feb 13, 2026","Feb 14, 2026",Cross stitch backpack charms,USD,B08DDJCQKF Cross stitch girl  LOW BID AUTO TOS,Amazon,United States,Dynamic bids - down only,Product pages on Amazon,0,0,,$0.00,$0.00,,,0,0
"Feb 12, 2026","Feb 16, 2026",Cross stitch backpack charms,USD,B08DDJCQKF Cross stitch girl  LOW BID AUTO TOS,Amazon,United States,Dynamic bids - down only,Rest of search on Amazon,3,0,,$0.00,$0.00,,,0,0
"Feb 16, 2026","Feb 17, 2026",Cross stitch backpack charms,USD,B08DDJCQKF Cross stitch girl  LOW BID AUTO TOS,Amazon,United States,Dynamic bids - down only,Top of Search on Amazon,2,0,,$0.00,$0.00,,,0,0
"Feb 11, 2026","Feb 17, 2026",4 Flowers embroidery,USD,SO | Embroidery Kit | B0BWSGRTB1 | SPM | CAT | Embroidery Kits,Amazon,United States,Dynamic bids - down only,Product pages on Amazon,307,2,$0.21,$0.42,$0.00,,0.00,0,0
"Feb 11, 2026","Feb 17, 2026",4 Flowers embroidery,USD,SO | Embroidery Kit | B0BWSGRTB1 | SPM | CAT | Embroidery Kits,Amazon,United States,Dynamic bids - down only,Off Amazon,57,1,$0.07,$0.07,$0.00,,0.00,0,0
"Feb 11, 2026","Feb 17, 2026",4 Flowers embroidery,USD,SO | Embroidery Kit | B0BWSGRTB1 | SPM | CAT | Embroidery Kits,Amazon,United States,Dynamic bids - down only,Rest of search on Amazon,510,4,$0.24,$0.96,$0.00,,0.00,0,0
"Feb 11, 2026","Feb 17, 2026",4 Flowers embroidery,USD,SO | Embroidery Kit | B0BWSGRTB1 | SPM | CAT | Embroidery Kits,Amazon,United States,Dynamic bids - down only,Top of Search on Amazon,22,0,,$0.00,$0.00,,,0,0
"Feb 11, 2026","Feb 17, 2026",.Catch All Auto,USD,CATCH ALL NGO - OLD,Amazon,United States,Dynamic bids - down only,Product pages on Amazon,41153,241,$0.42,$100.44,$458.50,21.9062%,4.56,19,20
"Feb 11, 2026","Feb 17, 2026",.Catch All Auto,USD,CATCH ALL NGO - OLD,Amazon,United States,Dynamic bids - down only,Off Amazon,10046,30,$0.14,$4.18,$26.98,15.4930%,6.45,1,1
"Feb 11, 2026","Feb 17, 2026",.Catch All Auto,USD,CATCH ALL NGO - OLD,Amazon,United States,Dynamic bids - down only,Rest of search on Amazon,29643,301,$0.36,$109.24,$504.16,21.6677%,4.62,22,22
"Feb 11, 2026","Feb 17, 2026",.Catch All Auto,USD,CATCH ALL NGO - OLD,Amazon,United States,Dynamic bids - down only,Top of Search on Amazon,6212,228,$0.61,$138.25,$510.50,27.0813%,3.69,23,25
"Feb 16, 2026","Feb 17, 2026",fairy family,USD,B09WQSBZY7 Fairy LOW BID AUTO TOS,Amazon,United States,Dynamic bids - down only,Product pages on Amazon,0,0,,$0.00,$0.00,,,0,0
"Feb 15, 2026","Feb 15, 2026",fairy family,USD,B09WQSBZY7 Fairy LOW BID AUTO TOS,Amazon,United States,Dynamic bids - down only,Top of Search on Amazon,1,0,,$0.00,$0.00,,,0,0
"Feb 11, 2026","Feb 17, 2026",fairy family,USD,B0BNDVTTSH Ballerina LOW BID MANUAL TARGETING,Amazon,United States,Dynamic bids - down only,Product pages on Amazon,64,1,$0.12,$0.12,$0.00,,0.00,0,0
"Feb 11, 2026","Feb 15, 2026",fairy family,USD,B0BNDVTTSH Ballerina LOW BID MANUAL TARGETING,Amazon,United States,Dynamic bids - down only,Off Amazon,10,0,,$0.00,$0.00,,,0,0
"Feb 11, 2026","Feb 17, 2026",fairy family,USD,B0BNDVTTSH Ballerina LOW BID MANUAL TARGETING,Amazon,United States,Dynamic bids - down only,Rest of search on Amazon,76,0,,$0.00,$0.00,,,0,0
"Feb 11, 2026","Feb 17, 2026",Stitch Dictionary All,USD,Stitch Dictionary CAT LOW BID AUTO Low Bid,Amazon,United States,Dynamic bids - down only,Product pages on Amazon,0,0,,$0.00,$0.00,,,0,0
"Feb 15, 2026","Feb 15, 2026",Stitch Dictionary All,USD,Stitch Dictionary CAT LOW BID AUTO Low Bid,Amazon,United States,Dynamic bids - down only,Off Amazon,1,0,,$0.00,$0.00,,,0,0
"Feb 11, 2026","Feb 11, 2026",Stitch Dictionary All,USD,Stitch Dictionary CAT LOW BID AUTO Low Bid,Amazon,United States,Dynamic bids - down only,Rest of search on Amazon,0,0,,$0.00,$0.00,,,0,0
"Feb 11, 2026","Feb 13, 2026",fuse beads,USD,B07PXN4K8N 22000 beads LOW BID AUTO TOS,Amazon,United States,Dynamic bids - down only,Product pages on Amazon,3,0,,$0.00,$0.00,,,0,0
"Feb 11, 2026","Feb 16, 2026",fuse beads,USD,B07PXN4K8N 22000 beads LOW BID AUTO TOS,Amazon,United States,Dynamic bids - down only,Rest of search on Amazon,26,0,,$0.00,$0.00,,,0,0
"Feb 11, 2026","Feb 17, 2026",fuse beads,USD,B07PXN4K8N 22000 beads LOW BID AUTO TOS,Amazon,United States,Dynamic bids - down only,Top of Search on Amazon,956,52,$0.57,$29.52,$34.96,84.4394%,1.18,1,1
"Feb 15, 2026","Feb 15, 2026",Cross stitch backpack charms,USD,B08DDJCQKF Cross stitch girl  LOW BID Product targeting,Amazon,United States,Dynamic bids - down only,Off Amazon,1,0,,$0.00,$0.00,,,0,0
"Feb 11, 2026","Feb 17, 2026",Cross stitch backpack charms,USD,B08DDJCQKF Cross stitch girl  LOW BID Product targeting,Amazon,United States,Dynamic bids - down only,Rest of search on Amazon,61,1,$0.08,$0.08,$0.00,,0.00,0,0
"Feb 11, 2026","Feb 17, 2026",fuse beads,USD,B07PXN4K8N 22000 beads LOW BID Product Targeting,Amazon,United States,Dynamic bids - down only,Product pages on Amazon,4,0,,$0.00,$0.00,,,0,0
"Feb 11, 2026","Feb 17, 2026",fuse beads,USD,B07PXN4K8N 22000 beads LOW BID Product Targeting,Amazon,United States,Dynamic bids - down only,Rest of search on Amazon,10,0,,$0.00,$0.00,,,0,0
"Feb 11, 2026","Feb 17, 2026",fuse beads,USD,Fuse beads -SP-exact-TOS-fuse beads,Amazon,United States,Dynamic bids - down only,Product pages on Amazon,68,0,,$0.00,$0.00,,,0,0
"Feb 11, 2026","Feb 17, 2026",fuse beads,USD,Fuse beads -SP-exact-TOS-fuse beads,Amazon,United States,Dynamic bids - down only,Rest of search on Amazon,7,0,,$0.00,$0.00,,,0,0
"Feb 11, 2026","Feb 17, 2026",fuse beads,USD,Fuse beads -SP-exact-TOS-fuse beads,Amazon,United States,Dynamic bids - down only,Top of Search on Amazon,14,0,,$0.00,$0.00,,,0,0
"Feb 11, 2026","Feb 17, 2026",fairy family,USD,fairy sewing - SPM MK sewing kit kids root TOS,Amazon,United States,Dynamic bids - down only,Product pages on Amazon,2263,25,$0.45,$11.29,$21.98,51.3649%,1.95,1,1
"Feb 11, 2026","Feb 17, 2026",fairy family,USD,fairy sewing - SPM MK sewing kit kids root TOS,Amazon,United States,Dynamic bids - down only,Rest of search on Amazon,6,0,,$0.00,$0.00,,,0,0
"Feb 11, 2026","Feb 17, 2026",fairy family,USD,fairy sewing - SPM MK sewing kit kids root TOS,Amazon,United States,Dynamic bids - down only,Top of Search on Amazon,88,12,$1.68,$20.11,$43.96,45.7461%,2.19,2,2
"Feb 11, 2026","Feb 17, 2026",Dessert Family,USD,dessert sewing - SPM SK sewing kit for kids ages 8-12 TOS,Amazon,United States,Fixed bids,Product pages on Amazon,2198,21,$0.72,$15.16,$22.98,65.9704%,1.52,1,1
"Feb 11, 2026","Feb 17, 2026",Dessert Family,USD,dessert sewing - SPM SK sewing kit for kids ages 8-12 TOS,Amazon,United States,Fixed bids,Rest of search on Amazon,524,7,$1.22,$8.54,$22.98,37.1628%,2.69,1,1
"Feb 11, 2026","Feb 17, 2026",Dessert Family,USD,dessert sewing - SPM SK sewing kit for kids ages 8-12 TOS,Amazon,United States,Fixed bids,Top of Search on Amazon,407,29,$1.52,$43.98,$45.96,95.6919%,1.05,2,2
"Feb 11, 2026","Feb 17, 2026",Latch hook kits,USD,latch hook kits exact TOS push,Amazon,United States,Dynamic bids - down only,Product pages on Amazon,19,0,,$0.00,$0.00,,,0,0
"Feb 11, 2026","Feb 17, 2026",Latch hook kits,USD,latch hook kits exact TOS push,Amazon,United States,Dynamic bids - down only,Rest of search on Amazon,223,1,$0.45,$0.45,$0.00,,0.00,0,0
"Feb 11, 2026","Feb 17, 2026",Latch hook kits,USD,latch hook kits exact TOS push,Amazon,United States,Dynamic bids - down only,Top of Search on Amazon,98,2,$0.88,$1.75,$0.00,,0.00,0,0
"Feb 11, 2026","Feb 17, 2026",No Portfolio,USD,Biggie Auto,Amazon,United States,Fixed bids,Product pages on Amazon,42160,12,$0.64,$7.64,$0.00,,0.00,0,0
"Feb 11, 2026","Feb 17, 2026",No Portfolio,USD,Biggie Auto,Amazon,United States,Fixed bids,Off Amazon,10655,28,$0.34,$9.60,$0.00,,0.00,0,0
"Feb 11, 2026","Feb 17, 2026",No Portfolio,USD,Biggie Auto,Amazon,United States,Fixed bids,Rest of search on Amazon,9355,26,$0.64,$16.67,$49.96,33.3667%,3.00,2,2
"Feb 11, 2026","Feb 17, 2026",No Portfolio,USD,Biggie Auto,Amazon,United States,Fixed bids,Top of Search on Amazon,231,5,$0.78,$3.90,$0.00,,0.00,0,0
"Feb 11, 2026","Feb 17, 2026",biggie beads,USD,biggie beads - SPM MK biggie root TOS,Amazon,United States,Dynamic bids - down only,Product pages on Amazon,3,0,,$0.00,$0.00,,,0,0
"Feb 11, 2026","Feb 17, 2026",biggie beads,USD,biggie beads - SPM MK biggie root TOS,Amazon,United States,Dynamic bids - down only,Top of Search on Amazon,38,0,,$0.00,$0.00,,,0,0
"Feb 11, 2026","Feb 17, 2026",fairy family,USD,fairy sewing - SPM SK sewing kit for kids TOS,Amazon,United States,Dynamic bids - down only,Product pages on Amazon,579,7,$0.34,$2.38,$21.98,10.8280%,9.24,1,1
"Feb 11, 2026","Feb 17, 2026",fairy family,USD,fairy sewing - SPM SK sewing kit for kids TOS,Amazon,United States,Dynamic bids - down only,Rest of search on Amazon,22,0,,$0.00,$0.00,,,0,0
"Feb 11, 2026","Feb 17, 2026",fairy family,USD,fairy sewing - SPM SK sewing kit for kids TOS,Amazon,United States,Dynamic bids - down only,Top of Search on Amazon,436,32,$1.22,$38.91,$290.74,13.3831%,7.47,6,13
"Feb 11, 2026","Feb 17, 2026",fuse beads,USD,48 mini perler beads tos push,Amazon,United States,Dynamic bids - down only,Product pages on Amazon,157,0,,$0.00,$0.00,,,0,0
"Feb 11, 2026","Feb 17, 2026",fuse beads,USD,48 mini perler beads tos push,Amazon,United States,Dynamic bids - down only,Off Amazon,235,0,,$0.00,$0.00,,,0,0
"Feb 11, 2026","Feb 17, 2026",fuse beads,USD,48 mini perler beads tos push,Amazon,United States,Dynamic bids - down only,Rest of search on Amazon,296,1,$0.36,$0.36,$0.00,,0.00,0,0
"Feb 11, 2026","Feb 17, 2026",fuse beads,USD,48 mini perler beads tos push,Amazon,United States,Dynamic bids - down only,Top of Search on Amazon,1038,77,$0.75,$57.83,$232.84,24.8368%,4.03,7,7
"Feb 12, 2026","Feb 17, 2026",biggie beads,USD,biggie auto,Amazon,United States,Dynamic bids - down only,Product pages on Amazon,4,0,,$0.00,$0.00,,,0,0
"Feb 11, 2026","Feb 17, 2026",biggie beads,USD,biggie auto,Amazon,United States,Dynamic bids - down only,Off Amazon,1105,3,$0.12,$0.36,$0.00,,0.00,0,0
"Feb 11, 2026","Feb 17, 2026",biggie beads,USD,biggie auto,Amazon,United States,Dynamic bids - down only,Rest of search on Amazon,16,0,,$0.00,$0.00,,,0,0
"Feb 11, 2026","Feb 17, 2026",biggie beads,USD,biggie auto,Amazon,United States,Dynamic bids - down only,Top of Search on Amazon,1261,48,$0.87,$41.98,$74.94,56.0181%,1.79,3,3
"Feb 11, 2026","Feb 17, 2026",fuse beads,USD,mini fuse beads TOS push - mini root,Amazon,United States,Dynamic bids - down only,Product pages on Amazon,20564,145,$0.83,$120.04,$127.30,94.2969%,1.06,4,4
"Feb 11, 2026","Feb 17, 2026",fuse beads,USD,mini fuse beads TOS push - mini root,Amazon,United States,Dynamic bids - down only,Off Amazon,20,1,$0.24,$0.24,$0.00,,0.00,0,0
"Feb 11, 2026","Feb 17, 2026",fuse beads,USD,mini fuse beads TOS push - mini root,Amazon,United States,Dynamic bids - down only,Rest of search on Amazon,859,6,$0.95,$5.69,$32.98,17.2529%,5.80,1,1
"Feb 11, 2026","Feb 17, 2026",fuse beads,USD,mini fuse beads TOS push - mini root,Amazon,United States,Dynamic bids - down only,Top of Search on Amazon,390,36,$1.42,$51.01,$164.90,30.9339%,3.23,5,5
"Feb 11, 2026","Feb 17, 2026",fuse beads,USD,mini fuse beads-  SPM MK multi root TOS,Amazon,United States,Dynamic bids - down only,Product pages on Amazon,189,0,,$0.00,$0.00,,,0,0
"Feb 11, 2026","Feb 17, 2026",fuse beads,USD,mini fuse beads-  SPM MK multi root TOS,Amazon,United States,Dynamic bids - down only,Off Amazon,39,0,,$0.00,$0.00,,,0,0
"Feb 11, 2026","Feb 17, 2026",fuse beads,USD,mini fuse beads-  SPM MK multi root TOS,Amazon,United States,Dynamic bids - down only,Rest of search on Amazon,173,0,,$0.00,$0.00,,,0,0
"Feb 11, 2026","Feb 17, 2026",fuse beads,USD,mini fuse beads-  SPM MK multi root TOS,Amazon,United States,Dynamic bids - down only,Top of Search on Amazon,1026,93,$1.05,$97.79,$292.22,33.4645%,2.99,9,9
"Feb 11, 2026","Feb 17, 2026",Latch hook kits,USD,latch hook kits - manual TOS competitor keyword push,Amazon,United States,Dynamic bids - down only,Product pages on Amazon,119,0,,$0.00,$0.00,,,0,0
"Feb 11, 2026","Feb 17, 2026",Latch hook kits,USD,latch hook kits - manual TOS competitor keyword push,Amazon,United States,Dynamic bids - down only,Rest of search on Amazon,79,0,,$0.00,$0.00,,,0,0
"Feb 11, 2026","Feb 17, 2026",Latch hook kits,USD,latch hook kits - manual TOS competitor keyword push,Amazon,United States,Dynamic bids - down only,Top of Search on Amazon,122,4,$1.11,$4.44,$0.00,,0.00,0,0
"Feb 11, 2026","Feb 17, 2026",fairy family,USD,fairy sewing - SPM MK sewing kit root TOS,Amazon,United States,Dynamic bids - down only,Product pages on Amazon,478,4,$0.56,$2.24,$0.00,,0.00,0,0
"Feb 11, 2026","Feb 17, 2026",fairy family,USD,fairy sewing - SPM MK sewing kit root TOS,Amazon,United States,Dynamic bids - down only,Rest of search on Amazon,7,0,,$0.00,$0.00,,,0,0
"Feb 11, 2026","Feb 17, 2026",fairy family,USD,fairy sewing - SPM MK sewing kit root TOS,Amazon,United States,Dynamic bids - down only,Top of Search on Amazon,33,4,$1.24,$4.97,$0.00,,0.00,0,0
"Feb 11, 2026","Feb 17, 2026",4 Flowers embroidery,USD,SO | Embroidery Kit | B0DC69M3YD | SPM | SK | crossstitching kits adult beginner,Amazon,United States,Dynamic bids - down only,Product pages on Amazon,413,2,$0.64,$1.28,$0.00,,0.00,0,0
"Feb 11, 2026","Feb 17, 2026",4 Flowers embroidery,USD,SO | Embroidery Kit | B0DC69M3YD | SPM | SK | crossstitching kits adult beginner,Amazon,United States,Dynamic bids - down only,Rest of search on Amazon,0,0,,$0.00,$0.00,,,0,0
"Feb 11, 2026","Feb 16, 2026",4 Flowers embroidery,USD,SO | Embroidery Kit | B0DC69M3YD | SPM | SK | crossstitching kits adult beginner,Amazon,United States,Dynamic bids - down only,Top of Search on Amazon,0,0,,$0.00,$0.00,,,0,0
"Feb 11, 2026","Feb 17, 2026",fairy family,USD,fairy sewing - SPM MK kids sewing kit root,Amazon,United States,Dynamic bids - down only,Product pages on Amazon,2807,32,$0.54,$17.26,$43.96,39.2630%,2.55,2,2
"Feb 11, 2026","Feb 16, 2026",fairy family,USD,fairy sewing - SPM MK kids sewing kit root,Amazon,United States,Dynamic bids - down only,Off Amazon,4,0,,$0.00,$0.00,,,0,0
"Feb 11, 2026","Feb 17, 2026",fairy family,USD,fairy sewing - SPM MK kids sewing kit root,Amazon,United States,Dynamic bids - down only,Rest of search on Amazon,69,1,$0.56,$0.56,$0.00,,0.00,0,0
"Feb 11, 2026","Feb 17, 2026",fairy family,USD,fairy sewing - SPM MK kids sewing kit root,Amazon,United States,Dynamic bids - down only,Top of Search on Amazon,186,21,$1.20,$25.19,$48.96,51.4502%,1.94,2,2
"Feb 11, 2026","Feb 17, 2026",No Portfolio,USD,knitting bunny - SP - TOS beginners crochet kit for kids,Amazon,United States,Dynamic bids - down only,Product pages on Amazon,1144,17,$0.57,$9.63,$0.00,,0.00,0,0
"Feb 11, 2026","Feb 17, 2026",No Portfolio,USD,knitting bunny - SP - TOS beginners crochet kit for kids,Amazon,United States,Dynamic bids - down only,Rest of search on Amazon,51,0,,$0.00,$0.00,,,0,0
"Feb 11, 2026","Feb 17, 2026",No Portfolio,USD,knitting bunny - SP - TOS beginners crochet kit for kids,Amazon,United States,Dynamic bids - down only,Top of Search on Amazon,219,14,$2.05,$28.65,$0.00,,0.00,0,0
"Feb 15, 2026","Feb 17, 2026",4 Flowers embroidery,USD,SO | Embroidery Kit | B0BWSGRTB1| SPM | PT | Brand's ASINs,Amazon,United States,Dynamic bids - down only,Product pages on Amazon,0,0,,$0.00,$0.00,,,0,0
"Feb 11, 2026","Feb 17, 2026",4 Flowers embroidery,USD,SO | Embroidery Kit | B0BWSGRTB1| SPM | PT | Brand's ASINs,Amazon,United States,Dynamic bids - down only,Rest of search on Amazon,384,4,$0.40,$1.60,$0.00,,0.00,0,0
"Feb 11, 2026","Feb 17, 2026",4 Flowers embroidery,USD,SO | Embroidery Kit | B0BWSGRTB1| SPM | PT | Brand's ASINs,Amazon,United States,Dynamic bids - down only,Top of Search on Amazon,17,0,,$0.00,$0.00,,,0,0
"Feb 11, 2026","Feb 17, 2026",Shield All,USD,shield product - latch hook kits,Amazon,United States,Dynamic bids - down only,Product pages on Amazon,1324,7,$0.68,$4.76,$19.98,23.8238%,4.20,1,1
"Feb 11, 2026","Feb 16, 2026",Shield All,USD,shield product - latch hook kits,Amazon,United States,Dynamic bids - down only,Off Amazon,15,0,,$0.00,$0.00,,,0,0
"Feb 11, 2026","Feb 17, 2026",Shield All,USD,shield product - latch hook kits,Amazon,United States,Dynamic bids - down only,Rest of search on Amazon,4384,40,$0.68,$27.04,$139.88,19.3309%,5.17,5,6
"Feb 11, 2026","Feb 17, 2026",Shield All,USD,shield product - latch hook kits,Amazon,United States,Dynamic bids - down only,Top of Search on Amazon,899,28,$1.11,$31.10,$94.92,32.7644%,3.05,4,4
"Feb 11, 2026","Feb 17, 2026",Embroidery for kids,USD,embroidery beginner - manual - product targeting,Amazon,United States,Dynamic bids - down only,Product pages on Amazon,208,3,$0.49,$1.47,$26.98,5.4485%,18.35,1,1
"Feb 11, 2026","Feb 17, 2026",Embroidery for kids,USD,embroidery beginner - manual - product targeting,Amazon,United States,Dynamic bids - down only,Off Amazon,195,2,$0.14,$0.28,$0.00,,0.00,0,0
"Feb 11, 2026","Feb 17, 2026",Embroidery for kids,USD,embroidery beginner - manual - product targeting,Amazon,United States,Dynamic bids - down only,Rest of search on Amazon,610,1,$0.49,$0.49,$0.00,,0.00,0,0
"Feb 11, 2026","Feb 17, 2026",Embroidery for kids,USD,embroidery beginner - manual - product targeting,Amazon,United States,Dynamic bids - down only,Top of Search on Amazon,658,52,$0.91,$47.25,$100.92,46.8193%,2.14,4,4
"Feb 11, 2026","Feb 17, 2026",Shield All,USD,shield product - cross stitch kits,Amazon,United States,Dynamic bids - down only,Product pages on Amazon,1149,6,$0.80,$4.80,$19.98,24.0240%,4.16,1,1
"Feb 11, 2026","Feb 17, 2026",Shield All,USD,shield product - cross stitch kits,Amazon,United States,Dynamic bids - down only,Off Amazon,205,0,,$0.00,$0.00,,,0,0
"Feb 11, 2026","Feb 17, 2026",Shield All,USD,shield product - cross stitch kits,Amazon,United States,Dynamic bids - down only,Rest of search on Amazon,5734,67,$0.78,$52.39,$79.92,65.5531%,1.53,4,4
"Feb 11, 2026","Feb 17, 2026",Shield All,USD,shield product - cross stitch kits,Amazon,United States,Dynamic bids - down only,Top of Search on Amazon,889,53,$0.83,$43.82,$99.90,43.8639%,2.28,4,5
"Feb 11, 2026","Feb 17, 2026",Latch hook kits,USD,latch hook - manual - product targeting,Amazon,United States,Dynamic bids - down only,Product pages on Amazon,124,0,,$0.00,$0.00,,,0,0
"Feb 11, 2026","Feb 17, 2026",Latch hook kits,USD,latch hook - manual - product targeting,Amazon,United States,Dynamic bids - down only,Off Amazon,4,0,,$0.00,$0.00,,,0,0
"Feb 11, 2026","Feb 17, 2026",Latch hook kits,USD,latch hook - manual - product targeting,Amazon,United States,Dynamic bids - down only,Rest of search on Amazon,1696,15,$0.84,$12.61,$24.98,50.4804%,1.98,1,1
"Feb 11, 2026","Feb 17, 2026",Latch hook kits,USD,latch hook - manual - product targeting,Amazon,United States,Dynamic bids - down only,Top of Search on Amazon,462,12,$1.21,$14.49,$0.00,,0.00,0,0
"Feb 11, 2026","Feb 17, 2026",4 Flowers embroidery,USD,SO | Embroidery Kit | B0DC69M3YD | SPM | PT | 4 flowers,Amazon,United States,ruleBased,Product pages on Amazon,65,1,$0.70,$0.70,$0.00,,0.00,0,0
"Feb 11, 2026","Feb 17, 2026",4 Flowers embroidery,USD,SO | Embroidery Kit | B0DC69M3YD | SPM | PT | 4 flowers,Amazon,United States,ruleBased,Rest of search on Amazon,1547,9,$1.04,$9.38,$24.98,37.5500%,2.66,1,1
"Feb 11, 2026","Feb 17, 2026",4 Flowers embroidery,USD,SO | Embroidery Kit | B0DC69M3YD | SPM | PT | 4 flowers,Amazon,United States,ruleBased,Top of Search on Amazon,634,21,$1.14,$23.89,$0.00,,0.00,0,0
"Feb 11, 2026","Feb 17, 2026",Shield All,USD,shield brand name - manual and broad,Amazon,United States,Dynamic bids - down only,Product pages on Amazon,5508,42,$0.90,$37.77,$91.92,41.0901%,2.43,4,4
"Feb 11, 2026","Feb 17, 2026",Shield All,USD,shield brand name - manual and broad,Amazon,United States,Dynamic bids - down only,Rest of search on Amazon,202,5,$0.79,$3.96,$46.96,8.4327%,11.86,2,2
"Feb 11, 2026","Feb 17, 2026",Shield All,USD,shield brand name - manual and broad,Amazon,United States,Dynamic bids - down only,Top of Search on Amazon,58,7,$0.73,$5.11,$19.98,25.5756%,3.91,1,1
"Feb 11, 2026","Feb 17, 2026",fairy family,USD,fairy sewing - manual - product targeting,Amazon,United States,Dynamic bids - down only,Product pages on Amazon,536,2,$1.09,$2.17,$0.00,,0.00,0,0
"Feb 11, 2026","Feb 17, 2026",fairy family,USD,fairy sewing - manual - product targeting,Amazon,United States,Dynamic bids - down only,Off Amazon,48,0,,$0.00,$0.00,,,0,0
"Feb 11, 2026","Feb 17, 2026",fairy family,USD,fairy sewing - manual - product targeting,Amazon,United States,Dynamic bids - down only,Rest of search on Amazon,176,2,$0.46,$0.92,$21.98,4.1856%,23.89,1,1
"Feb 11, 2026","Feb 17, 2026",fairy family,USD,fairy sewing - manual - product targeting,Amazon,United States,Dynamic bids - down only,Top of Search on Amazon,349,15,$1.45,$21.71,$43.96,49.3858%,2.02,2,2
"Feb 12, 2026","Feb 17, 2026",fuse beads,USD,mini fuse beads - SPM MP product targeting,Amazon,United States,Dynamic bids - down only,Product pages on Amazon,12,0,,$0.00,$0.00,,,0,0
"Feb 14, 2026","Feb 17, 2026",fuse beads,USD,mini fuse beads - SPM MP product targeting,Amazon,United States,Dynamic bids - down only,Off Amazon,10,0,,$0.00,$0.00,,,0,0
"Feb 11, 2026","Feb 17, 2026",fuse beads,USD,mini fuse beads - SPM MP product targeting,Amazon,United States,Dynamic bids - down only,Rest of search on Amazon,244,1,$0.53,$0.53,$0.00,,0.00,0,0
"Feb 11, 2026","Feb 17, 2026",fuse beads,USD,mini fuse beads - SPM MP product targeting,Amazon,United States,Dynamic bids - down only,Top of Search on Amazon,497,43,$1.30,$55.69,$135.92,40.9726%,2.44,4,4
"Feb 11, 2026","Feb 17, 2026",fairy family,USD,ballerina sewing - manual TOS crafts for kids PUSH,Amazon,United States,Dynamic bids - down only,Product pages on Amazon,878,11,$0.58,$6.38,$0.00,,0.00,0,0
"Feb 11, 2026","Feb 17, 2026",fairy family,USD,ballerina sewing - manual TOS crafts for kids PUSH,Amazon,United States,Dynamic bids - down only,Off Amazon,78,0,,$0.00,$0.00,,,0,0
"Feb 11, 2026","Feb 17, 2026",fairy family,USD,ballerina sewing - manual TOS crafts for kids PUSH,Amazon,United States,Dynamic bids - down only,Rest of search on Amazon,17,1,$0.58,$0.58,$0.00,,0.00,0,0
"Feb 11, 2026","Feb 17, 2026",fairy family,USD,ballerina sewing - manual TOS crafts for kids PUSH,Amazon,United States,Dynamic bids - down only,Top of Search on Amazon,35,0,,$0.00,$0.00,,,0,0
"Feb 11, 2026","Feb 17, 2026",Cross stitch backpack charms,USD,cross girl - manual TOS beginner cross stitch kits PUSH,Amazon,United States,Dynamic bids - down only,Product pages on Amazon,118,0,,$0.00,$0.00,,,0,0
"Feb 15, 2026","Feb 16, 2026",Cross stitch backpack charms,USD,cross girl - manual TOS beginner cross stitch kits PUSH,Amazon,United States,Dynamic bids - down only,Off Amazon,7,0,,$0.00,$0.00,,,0,0
"Feb 11, 2026","Feb 17, 2026",Cross stitch backpack charms,USD,cross girl - manual TOS beginner cross stitch kits PUSH,Amazon,United States,Dynamic bids - down only,Rest of search on Amazon,1,0,,$0.00,$0.00,,,0,0
"Feb 11, 2026","Feb 17, 2026",Cross stitch backpack charms,USD,cross girl - manual TOS beginner cross stitch kits PUSH,Amazon,United States,Dynamic bids - down only,Top of Search on Amazon,10,0,,$0.00,$0.00,,,0,0
"Feb 17, 2026","Feb 17, 2026",fuse beads,USD,48 mini beads - SP  mini perler TOS push,Amazon,United States,Dynamic bids - down only,Product pages on Amazon,0,0,,$0.00,$0.00,,,0,0
"Feb 15, 2026","Feb 15, 2026",fuse beads,USD,48 mini beads - SP  mini perler TOS push,Amazon,United States,Dynamic bids - down only,Off Amazon,1,0,,$0.00,$0.00,,,0,0
"Feb 16, 2026","Feb 16, 2026",fuse beads,USD,48 mini beads - SP  mini perler TOS push,Amazon,United States,Dynamic bids - down only,Rest of search on Amazon,3,0,,$0.00,$0.00,,,0,0
"Feb 11, 2026","Feb 17, 2026",fuse beads,USD,48 mini beads - SP  mini perler TOS push,Amazon,United States,Dynamic bids - down only,Top of Search on Amazon,17,1,$0.72,$0.72,$0.00,,0.00,0,0
"Feb 11, 2026","Feb 11, 2026",4 Flowers embroidery,USD,4 flowers- shield brand self target,Amazon,United States,Dynamic bids - down only,Product pages on Amazon,2,0,,$0.00,$0.00,,,0,0
"Feb 11, 2026","Feb 17, 2026",4 Flowers embroidery,USD,4 flowers- shield brand self target,Amazon,United States,Dynamic bids - down only,Off Amazon,11,0,,$0.00,$0.00,,,0,0
"Feb 11, 2026","Feb 17, 2026",4 Flowers embroidery,USD,4 flowers- shield brand self target,Amazon,United States,Dynamic bids - down only,Rest of search on Amazon,1133,9,$0.65,$5.85,$0.00,,0.00,0,0
"Feb 11, 2026","Feb 17, 2026",4 Flowers embroidery,USD,4 flowers- shield brand self target,Amazon,United States,Dynamic bids - down only,Top of Search on Amazon,330,15,$0.95,$14.22,$0.00,,0.00,0,0
"Feb 11, 2026","Feb 17, 2026",fuse beads,USD,mini fuse beads TOS push - mini root other,Amazon,United States,Dynamic bids - down only,Product pages on Amazon,432,4,$0.58,$2.30,$0.00,,0.00,0,0
"Feb 14, 2026","Feb 16, 2026",fuse beads,USD,mini fuse beads TOS push - mini root other,Amazon,United States,Dynamic bids - down only,Rest of search on Amazon,1,0,,$0.00,$0.00,,,0,0
"Feb 11, 2026","Feb 11, 2026",fuse beads,USD,mini fuse beads TOS push - mini root other,Amazon,United States,Dynamic bids - down only,Top of Search on Amazon,1,0,,$0.00,$0.00,,,0,0
"Feb 11, 2026","Feb 17, 2026",Cross stitch backpack charms,USD,cross girl - SPM brand shield,Amazon,United States,Dynamic bids - down only,Product pages on Amazon,90,2,$0.42,$0.84,$0.00,,0.00,0,0
"Feb 16, 2026","Feb 16, 2026",Cross stitch backpack charms,USD,cross girl - SPM brand shield,Amazon,United States,Dynamic bids - down only,Rest of search on Amazon,1,0,,$0.00,$0.00,,,0,0
"Feb 11, 2026","Feb 17, 2026",4 Flowers embroidery,USD,SO | Emroidery Kit | SPM | Defence | Brand KW,Amazon,United States,Dynamic bids - down only,Product pages on Amazon,181,1,$0.68,$0.68,$0.00,,0.00,0,0
"Feb 11, 2026","Feb 17, 2026",4 Flowers embroidery,USD,SO | Emroidery Kit | SPM | Defence | Brand KW,Amazon,United States,Dynamic bids - down only,Rest of search on Amazon,12,0,,$0.00,$0.00,,,0,0
"Feb 14, 2026","Feb 14, 2026",4 Flowers embroidery,USD,SO | Emroidery Kit | SPM | Defence | Brand KW,Amazon,United States,Dynamic bids - down only,Top of Search on Amazon,1,1,$0.45,$0.45,$24.98,1.8014%,55.51,1,1
"Feb 11, 2026","Feb 17, 2026",Latch hook kits,USD,latch hook - SPM for kids root TOS,Amazon,United States,Dynamic bids - down only,Product pages on Amazon,722,8,$0.45,$3.62,$44.96,8.0516%,12.42,2,2
"Feb 11, 2026","Feb 17, 2026",Latch hook kits,USD,latch hook - SPM for kids root TOS,Amazon,United States,Dynamic bids - down only,Rest of search on Amazon,1926,12,$0.79,$9.48,$39.96,23.7237%,4.22,2,2
"Feb 11, 2026","Feb 17, 2026",Latch hook kits,USD,latch hook - SPM for kids root TOS,Amazon,United States,Dynamic bids - down only,Top of Search on Amazon,858,37,$1.37,$50.83,$79.92,63.6011%,1.57,4,4
"Feb 11, 2026","Feb 17, 2026",4 Flowers embroidery,USD,4 flowers - shield brand asins,Amazon,United States,Dynamic bids - down only,Product pages on Amazon,43,0,,$0.00,$0.00,,,0,0
"Feb 11, 2026","Feb 17, 2026",4 Flowers embroidery,USD,4 flowers - shield brand asins,Amazon,United States,Dynamic bids - down only,Off Amazon,57,0,,$0.00,$0.00,,,0,0
"Feb 11, 2026","Feb 17, 2026",4 Flowers embroidery,USD,4 flowers - shield brand asins,Amazon,United States,Dynamic bids - down only,Rest of search on Amazon,166,3,$0.53,$1.58,$0.00,,0.00,0,0
"Feb 11, 2026","Feb 17, 2026",4 Flowers embroidery,USD,4 flowers - shield brand asins,Amazon,United States,Dynamic bids - down only,Top of Search on Amazon,103,5,$0.83,$4.14,$0.00,,0.00,0,0
"Feb 11, 2026","Feb 17, 2026",Latch Hook Pillow,USD,latch hook pillow - SPM other root TOS,Amazon,United States,Dynamic bids - down only,Product pages on Amazon,1054,7,$0.52,$3.61,$0.00,,0.00,0,0
"Feb 13, 2026","Feb 13, 2026",Latch Hook Pillow,USD,latch hook pillow - SPM other root TOS,Amazon,United States,Dynamic bids - down only,Off Amazon,0,0,,$0.00,$0.00,,,0,0
"Feb 11, 2026","Feb 17, 2026",Latch Hook Pillow,USD,latch hook pillow - SPM other root TOS,Amazon,United States,Dynamic bids - down only,Rest of search on Amazon,32,0,,$0.00,$0.00,,,0,0
"Feb 17, 2026","Feb 17, 2026",fairy family,USD,fairy sewing - SPM fairy sewing kit for kids TOS,Amazon,United States,Dynamic bids - down only,Product pages on Amazon,2,0,,$0.00,$0.00,,,0,0
"Feb 13, 2026","Feb 16, 2026",fairy family,USD,fairy sewing - SPM fairy sewing kit for kids TOS,Amazon,United States,Dynamic bids - down only,Rest of search on Amazon,3,0,,$0.00,$0.00,,,0,0
"Feb 11, 2026","Feb 17, 2026",fairy family,USD,fairy sewing - SPM fairy sewing kit for kids TOS,Amazon,United States,Dynamic bids - down only,Top of Search on Amazon,6,3,$0.41,$1.24,$21.98,5.6415%,17.73,1,1
"Feb 11, 2026","Feb 17, 2026",Cat And Hat Knitting,USD,cat knitting - SPM knitting kit root TOS,Amazon,United States,Dynamic bids - down only,Product pages on Amazon,5,0,,$0.00,$0.00,,,0,0
"Feb 11, 2026","Feb 17, 2026",Cat And Hat Knitting,USD,cat knitting - SPM knitting kit root TOS,Amazon,United States,Dynamic bids - down only,Rest of search on Amazon,0,0,,$0.00,$0.00,,,0,0
"Feb 11, 2026","Feb 17, 2026",Cat And Hat Knitting,USD,cat knitting - SPM knitting kit root TOS,Amazon,United States,Dynamic bids - down only,Top of Search on Amazon,3,0,,$0.00,$0.00,,,0,0
"Feb 11, 2026","Feb 17, 2026",Cross And Embroidery Kits,USD,cross embroidery - small kit SPM broad and phrase,Amazon,United States,Dynamic bids - down only,Product pages on Amazon,158,4,$0.31,$1.24,$17.98,6.8966%,14.50,1,1
"Feb 11, 2026","Feb 17, 2026",Cross And Embroidery Kits,USD,cross embroidery - small kit SPM broad and phrase,Amazon,United States,Dynamic bids - down only,Rest of search on Amazon,59,1,$0.33,$0.33,$0.00,,0.00,0,0
"Feb 11, 2026","Feb 17, 2026",Cross And Embroidery Kits,USD,cross embroidery - small kit SPM broad and phrase,Amazon,United States,Dynamic bids - down only,Top of Search on Amazon,1239,82,$0.75,$61.39,$106.90,57.4275%,1.74,5,5
"Feb 11, 2026","Feb 17, 2026",Cross And Embroidery Kits,USD,cross embroidery - small kit SPM MK cross stitch root TOS,Amazon,United States,Dynamic bids - down only,Product pages on Amazon,377,1,$0.51,$0.51,$19.98,2.5526%,39.18,1,1
"Feb 11, 2026","Feb 17, 2026",Cross And Embroidery Kits,USD,cross embroidery - small kit SPM MK cross stitch root TOS,Amazon,United States,Dynamic bids - down only,Rest of search on Amazon,48,2,$0.51,$1.02,$0.00,,0.00,0,0
"Feb 11, 2026","Feb 17, 2026",Cross And Embroidery Kits,USD,cross embroidery - small kit SPM MK cross stitch root TOS,Amazon,United States,Dynamic bids - down only,Top of Search on Amazon,118,18,$0.82,$14.77,$39.96,36.9620%,2.71,2,2
"Feb 11, 2026","Feb 17, 2026",Cat And Hat Knitting,USD,cat knitting - SPM knitting kit for beginners TOS,Amazon,United States,Dynamic bids - down only,Product pages on Amazon,104,1,$0.35,$0.35,$0.00,,0.00,0,0
"Feb 11, 2026","Feb 17, 2026",Cat And Hat Knitting,USD,cat knitting - SPM knitting kit for beginners TOS,Amazon,United States,Dynamic bids - down only,Rest of search on Amazon,2,0,,$0.00,$0.00,,,0,0
"Feb 11, 2026","Feb 17, 2026",Cat And Hat Knitting,USD,cat knitting - SPM knitting kit for beginners TOS,Amazon,United States,Dynamic bids - down only,Top of Search on Amazon,12,0,,$0.00,$0.00,,,0,0
"Feb 11, 2026","Feb 17, 2026",Cat And Hat Knitting,USD,cat knitting - SPM other root TOS,Amazon,United States,Dynamic bids - down only,Product pages on Amazon,535,7,$0.42,$2.91,$0.00,,0.00,0,0
"Feb 11, 2026","Feb 17, 2026",Cat And Hat Knitting,USD,cat knitting - SPM other root TOS,Amazon,United States,Dynamic bids - down only,Rest of search on Amazon,0,0,,$0.00,$0.00,,,0,0
"Feb 11, 2026","Feb 17, 2026",Cat And Hat Knitting,USD,cat knitting - SPM other root TOS,Amazon,United States,Dynamic bids - down only,Top of Search on Amazon,2,0,,$0.00,$0.00,,,0,0
"Feb 11, 2026","Feb 17, 2026",Latch Hook Pillow,USD,latch hook pillow - SPM hook rug kits for kids TOS,Amazon,United States,Dynamic bids - down only,Product pages on Amazon,55,1,$0.48,$0.48,$0.00,,0.00,0,0
"Feb 12, 2026","Feb 17, 2026",Latch Hook Pillow,USD,latch hook pillow - SPM hook rug kits for kids TOS,Amazon,United States,Dynamic bids - down only,Rest of search on Amazon,1,0,,$0.00,$0.00,,,0,0
"Feb 11, 2026","Feb 17, 2026",Latch Hook Pillow,USD,latch hook pillow - SPM hook rug kits for kids TOS,Amazon,United States,Dynamic bids - down only,Top of Search on Amazon,70,4,$0.88,$3.52,$0.00,,0.00,0,0
"Feb 11, 2026","Feb 17, 2026",Latch Hook Pillow,USD,latch hook pillow - SPM latch hook kit for kids TOS,Amazon,United States,Dynamic bids - down only,Product pages on Amazon,16,0,,$0.00,$0.00,,,0,0
"Feb 11, 2026","Feb 17, 2026",Latch Hook Pillow,USD,latch hook pillow - SPM latch hook kit for kids TOS,Amazon,United States,Dynamic bids - down only,Rest of search on Amazon,3,0,,$0.00,$0.00,,,0,0
"Feb 11, 2026","Feb 17, 2026",Latch Hook Pillow,USD,latch hook pillow - SPM latch hook kit for kids TOS,Amazon,United States,Dynamic bids - down only,Top of Search on Amazon,866,50,$1.28,$64.21,$249.80,25.7046%,3.89,10,10
"Feb 11, 2026","Feb 17, 2026",Cat And Hat Knitting,USD,cat knitting - SPA auto,Amazon,United States,Dynamic bids - down only,Product pages on Amazon,7755,28,$0.38,$10.59,$0.00,,0.00,0,0
"Feb 11, 2026","Feb 17, 2026",Cat And Hat Knitting,USD,cat knitting - SPA auto,Amazon,United States,Dynamic bids - down only,Off Amazon,54,0,,$0.00,$0.00,,,0,0
"Feb 11, 2026","Feb 17, 2026",Cat And Hat Knitting,USD,cat knitting - SPA auto,Amazon,United States,Dynamic bids - down only,Rest of search on Amazon,2816,30,$0.33,$10.00,$96.92,10.3178%,9.69,4,4
"Feb 11, 2026","Feb 17, 2026",Cat And Hat Knitting,USD,cat knitting - SPA auto,Amazon,United States,Dynamic bids - down only,Top of Search on Amazon,391,14,$0.66,$9.26,$53.96,17.1609%,5.83,2,2
"Feb 11, 2026","Feb 17, 2026",Cat And Hat Knitting,USD,cat knitting - SPM knitting kit for kids ages 8-12 TOS,Amazon,United States,Dynamic bids - down only,Product pages on Amazon,1,0,,$0.00,$0.00,,,0,0
"Feb 12, 2026","Feb 12, 2026",Cat And Hat Knitting,USD,cat knitting - SPM knitting kit for kids ages 8-12 TOS,Amazon,United States,Dynamic bids - down only,Rest of search on Amazon,0,0,,$0.00,$0.00,,,0,0
"Feb 12, 2026","Feb 17, 2026",Cat And Hat Knitting,USD,cat knitting - SPM knitting kit for kids ages 8-12 TOS,Amazon,United States,Dynamic bids - down only,Top of Search on Amazon,0,0,,$0.00,$0.00,,,0,0
"Feb 11, 2026","Feb 17, 2026",Latch Hook Pillow,USD,latch hook pillow - SPM latch hook kit root TOS,Amazon,United States,Dynamic bids - down only,Product pages on Amazon,188,0,,$0.00,$0.00,,,0,0
"Feb 11, 2026","Feb 17, 2026",Latch Hook Pillow,USD,latch hook pillow - SPM latch hook kit root TOS,Amazon,United States,Dynamic bids - down only,Rest of search on Amazon,260,1,$0.42,$0.42,$0.00,,0.00,0,0
"Feb 11, 2026","Feb 17, 2026",Latch Hook Pillow,USD,latch hook pillow - SPM latch hook kit root TOS,Amazon,United States,Dynamic bids - down only,Top of Search on Amazon,86,5,$0.88,$4.40,$0.00,,0.00,0,0
"Feb 11, 2026","Feb 17, 2026",Latch Hook Pillow,USD,latch hook pillow - SPM broad,Amazon,United States,Dynamic bids - down only,Product pages on Amazon,13767,40,$0.57,$22.95,$149.88,15.3122%,6.53,6,6
"Feb 12, 2026","Feb 14, 2026",Latch Hook Pillow,USD,latch hook pillow - SPM broad,Amazon,United States,Dynamic bids - down only,Off Amazon,5,0,,$0.00,$0.00,,,0,0
"Feb 11, 2026","Feb 17, 2026",Latch Hook Pillow,USD,latch hook pillow - SPM broad,Amazon,United States,Dynamic bids - down only,Rest of search on Amazon,3602,11,$0.48,$5.32,$0.00,,0.00,0,0
"Feb 11, 2026","Feb 17, 2026",Latch Hook Pillow,USD,latch hook pillow - SPM broad,Amazon,United States,Dynamic bids - down only,Top of Search on Amazon,2332,55,$1.07,$58.94,$144.88,40.6819%,2.46,6,6
"Feb 11, 2026","Feb 17, 2026",Cat And Hat Knitting,USD,cat knitting - SPM knitting kit for kids TOS,Amazon,United States,Dynamic bids - down only,Product pages on Amazon,908,2,$0.52,$1.04,$0.00,,0.00,0,0
"Feb 11, 2026","Feb 17, 2026",Cat And Hat Knitting,USD,cat knitting - SPM knitting kit for kids TOS,Amazon,United States,Dynamic bids - down only,Rest of search on Amazon,71,0,,$0.00,$0.00,,,0,0
"Feb 11, 2026","Feb 17, 2026",Cat And Hat Knitting,USD,cat knitting - SPM knitting kit for kids TOS,Amazon,United States,Dynamic bids - down only,Top of Search on Amazon,149,4,$1.57,$6.28,$0.00,,0.00,0,0
"Feb 11, 2026","Feb 17, 2026",Cat And Hat Knitting,USD,cat knitting - SPM broad,Amazon,United States,Dynamic bids - down only,Product pages on Amazon,1829,21,$0.47,$9.92,$0.00,,0.00,0,0
"Feb 11, 2026","Feb 17, 2026",Cat And Hat Knitting,USD,cat knitting - SPM broad,Amazon,United States,Dynamic bids - down only,Off Amazon,22,0,,$0.00,$0.00,,,0,0
"Feb 11, 2026","Feb 17, 2026",Cat And Hat Knitting,USD,cat knitting - SPM broad,Amazon,United States,Dynamic bids - down only,Rest of search on Amazon,382,5,$0.45,$2.25,$0.00,,0.00,0,0
"Feb 11, 2026","Feb 17, 2026",Cat And Hat Knitting,USD,cat knitting - SPM broad,Amazon,United States,Dynamic bids - down only,Top of Search on Amazon,1289,52,$1.29,$66.94,$124.90,53.5949%,1.87,5,5
"Feb 11, 2026","Feb 17, 2026",Latch Hook Pillow,USD,latch hook pillow - SPA auto,Amazon,United States,Dynamic bids - down only,Product pages on Amazon,11,0,,$0.00,$0.00,,,0,0
"Feb 11, 2026","Feb 17, 2026",Latch Hook Pillow,USD,latch hook pillow - SPA auto,Amazon,United States,Dynamic bids - down only,Rest of search on Amazon,27,1,$0.23,$0.23,$0.00,,0.00,0,0
"Feb 11, 2026","Feb 17, 2026",Latch Hook Pillow,USD,latch hook pillow - SPA auto,Amazon,United States,Dynamic bids - down only,Top of Search on Amazon,416,21,$0.62,$13.03,$0.00,,0.00,0,0
"Feb 11, 2026","Feb 16, 2026",Cross And Embroidery Kits,USD,cross embroidery - small kit SPA auto,Amazon,United States,Dynamic bids - down only,Product pages on Amazon,10,0,,$0.00,$0.00,,,0,0
"Feb 11, 2026","Feb 17, 2026",Cross And Embroidery Kits,USD,cross embroidery - small kit SPA auto,Amazon,United States,Dynamic bids - down only,Off Amazon,56,0,,$0.00,$0.00,,,0,0
"Feb 11, 2026","Feb 17, 2026",Cross And Embroidery Kits,USD,cross embroidery - small kit SPA auto,Amazon,United States,Dynamic bids - down only,Rest of search on Amazon,212,3,$0.23,$0.69,$0.00,,0.00,0,0
"Feb 11, 2026","Feb 17, 2026",Cross And Embroidery Kits,USD,cross embroidery - small kit SPA auto,Amazon,United States,Dynamic bids - down only,Top of Search on Amazon,1256,61,$0.53,$32.24,$79.92,40.3403%,2.48,4,4
"Feb 11, 2026","Feb 17, 2026",Cross And Embroidery Kits,USD,cross embroidery -  small kit SPM SK cross stitch kits for kids TOS,Amazon,United States,Dynamic bids - down only,Product pages on Amazon,1471,3,$0.51,$1.52,$0.00,,0.00,0,0
"Feb 11, 2026","Feb 17, 2026",Cross And Embroidery Kits,USD,cross embroidery -  small kit SPM SK cross stitch kits for kids TOS,Amazon,United States,Dynamic bids - down only,Rest of search on Amazon,191,0,,$0.00,$0.00,,,0,0
"Feb 11, 2026","Feb 17, 2026",Cross And Embroidery Kits,USD,cross embroidery -  small kit SPM SK cross stitch kits for kids TOS,Amazon,United States,Dynamic bids - down only,Top of Search on Amazon,291,22,$0.91,$20.04,$101.90,19.6663%,5.08,5,5
"Feb 11, 2026","Feb 17, 2026",Shield All,USD,shield product - latch hook pillow,Amazon,United States,Dynamic bids - down only,Product pages on Amazon,76,0,,$0.00,$0.00,,,0,0
"Feb 11, 2026","Feb 17, 2026",Shield All,USD,shield product - latch hook pillow,Amazon,United States,Dynamic bids - down only,Rest of search on Amazon,382,5,$0.40,$2.00,$0.00,,0.00,0,0
"Feb 11, 2026","Feb 17, 2026",Shield All,USD,shield product - latch hook pillow,Amazon,United States,Dynamic bids - down only,Top of Search on Amazon,323,12,$0.86,$10.34,$39.96,25.8759%,3.86,1,2
"Feb 11, 2026","Feb 17, 2026",Latch Hook Pillow,USD,latch hook pillow - SPM latch hook pillow kit TOS,Amazon,United States,Dynamic bids - up and down,Product pages on Amazon,18,0,,$0.00,$0.00,,,0,0
"Feb 11, 2026","Feb 17, 2026",Latch Hook Pillow,USD,latch hook pillow - SPM latch hook pillow kit TOS,Amazon,United States,Dynamic bids - up and down,Top of Search on Amazon,69,3,$1.06,$3.17,$0.00,,0.00,0,0
"Feb 11, 2026","Feb 17, 2026",Embroidery for kids,USD,embroidery beginner - SPM MK needlepoint root TOS,Amazon,United States,Dynamic bids - down only,Product pages on Amazon,1366,11,$0.54,$5.91,$0.00,,0.00,0,0
"Feb 11, 2026","Feb 17, 2026",Embroidery for kids,USD,embroidery beginner - SPM MK needlepoint root TOS,Amazon,United States,Dynamic bids - down only,Off Amazon,32,0,,$0.00,$0.00,,,0,0
"Feb 11, 2026","Feb 17, 2026",Embroidery for kids,USD,embroidery beginner - SPM MK needlepoint root TOS,Amazon,United States,Dynamic bids - down only,Rest of search on Amazon,207,1,$0.35,$0.35,$0.00,,0.00,0,0
"Feb 11, 2026","Feb 17, 2026",Embroidery for kids,USD,embroidery beginner - SPM MK needlepoint root TOS,Amazon,United States,Dynamic bids - down only,Top of Search on Amazon,233,11,$0.77,$8.49,$0.00,,0.00,0,0
"Feb 11, 2026","Feb 17, 2026",fairy family,USD,fairy sewing - SPM SK sewing for kids TOS,Amazon,United States,Dynamic bids - down only,Product pages on Amazon,1504,10,$0.61,$6.06,$0.00,,0.00,0,0
"Feb 11, 2026","Feb 17, 2026",fairy family,USD,fairy sewing - SPM SK sewing for kids TOS,Amazon,United States,Dynamic bids - down only,Off Amazon,48,0,,$0.00,$0.00,,,0,0
"Feb 11, 2026","Feb 17, 2026",fairy family,USD,fairy sewing - SPM SK sewing for kids TOS,Amazon,United States,Dynamic bids - down only,Rest of search on Amazon,43,1,$0.62,$0.62,$26.98,2.2980%,43.52,1,1
"Feb 11, 2026","Feb 17, 2026",fairy family,USD,fairy sewing - SPM SK sewing for kids TOS,Amazon,United States,Dynamic bids - down only,Top of Search on Amazon,219,13,$1.37,$17.80,$43.96,40.4914%,2.47,2,2
"Feb 11, 2026","Feb 17, 2026",No Portfolio,USD,bunny knitting - SPM knitting for kids TOS,Amazon,United States,Dynamic bids - down only,Product pages on Amazon,107,1,$0.35,$0.35,$0.00,,0.00,0,0
"Feb 11, 2026","Feb 16, 2026",No Portfolio,USD,bunny knitting - SPM knitting for kids TOS,Amazon,United States,Dynamic bids - down only,Off Amazon,4,0,,$0.00,$0.00,,,0,0
"Feb 11, 2026","Feb 17, 2026",No Portfolio,USD,bunny knitting - SPM knitting for kids TOS,Amazon,United States,Dynamic bids - down only,Rest of search on Amazon,10,0,,$0.00,$0.00,,,0,0
"Feb 11, 2026","Feb 17, 2026",No Portfolio,USD,bunny knitting - SPM knitting for kids TOS,Amazon,United States,Dynamic bids - down only,Top of Search on Amazon,26,2,$1.16,$2.32,$22.98,10.0957%,9.91,1,1
"Feb 13, 2026","Feb 13, 2026",Latch hook kits,USD,latch hook - SPM SK latch hook kits for kids TOS,Amazon,United States,Dynamic bids - down only,Rest of search on Amazon,0,0,,$0.00,$0.00,,,0,0
"Feb 11, 2026","Feb 17, 2026",Latch hook kits,USD,latch hook - SPM SK latch hook kits for kids TOS,Amazon,United States,Dynamic bids - down only,Top of Search on Amazon,2,0,,$0.00,$0.00,,,0,0
"Feb 11, 2026","Feb 16, 2026",Latch hook kits,USD,latch hook - SPM SK beginner latch hook kits for kids TOS,Amazon,United States,Dynamic bids - down only,Product pages on Amazon,7,0,,$0.00,$0.00,,,0,0
"Feb 11, 2026","Feb 16, 2026",Latch hook kits,USD,latch hook - SPM SK beginner latch hook kits for kids TOS,Amazon,United States,Dynamic bids - down only,Rest of search on Amazon,2,0,,$0.00,$0.00,,,0,0
"Feb 11, 2026","Feb 16, 2026",Latch hook kits,USD,latch hook - SPM SK beginner latch hook kits for kids TOS,Amazon,United States,Dynamic bids - down only,Top of Search on Amazon,5,0,,$0.00,$0.00,,,0,0
"Feb 11, 2026","Feb 17, 2026",Latch hook kits,USD,latch hook - SPM MK latch hook kit root TOS,Amazon,United States,Dynamic bids - down only,Product pages on Amazon,48,1,$0.35,$0.35,$0.00,,0.00,0,0
"Feb 12, 2026","Feb 15, 2026",Latch hook kits,USD,latch hook - SPM MK latch hook kit root TOS,Amazon,United States,Dynamic bids - down only,Rest of search on Amazon,3,0,,$0.00,$0.00,,,0,0
"Feb 11, 2026","Feb 17, 2026",Latch hook kits,USD,latch hook - SPM MK latch hook kit root TOS,Amazon,United States,Dynamic bids - down only,Top of Search on Amazon,42,1,$0.98,$0.98,$0.00,,0.00,0,0
"Feb 15, 2026","Feb 16, 2026",Latch hook kits,USD,latch hook - SPM SK latch hook kits for beginners TOS,Amazon,United States,Dynamic bids - down only,Product pages on Amazon,1,0,,$0.00,$0.00,,,0,0
"Feb 11, 2026","Feb 17, 2026",fairy family,USD,fairy sewing - SPM SK sewing kit for kids ages 8-12  TOS,Amazon,United States,Dynamic bids - down only,Product pages on Amazon,464,3,$0.48,$1.44,$0.00,,0.00,0,0
"Feb 11, 2026","Feb 17, 2026",fairy family,USD,fairy sewing - SPM SK sewing kit for kids ages 8-12  TOS,Amazon,United States,Dynamic bids - down only,Rest of search on Amazon,40,1,$0.48,$0.48,$0.00,,0.00,0,0
"Feb 11, 2026","Feb 17, 2026",fairy family,USD,fairy sewing - SPM MK broad,Amazon,United States,Dynamic bids - down only,Product pages on Amazon,22596,164,$0.88,$144.38,$304.98,47.3408%,2.11,12,13
"Feb 11, 2026","Feb 17, 2026",fairy family,USD,fairy sewing - SPM MK broad,Amazon,United States,Dynamic bids - down only,Off Amazon,29,0,,$0.00,$0.00,,,0,0
"Feb 11, 2026","Feb 17, 2026",fairy family,USD,fairy sewing - SPM MK broad,Amazon,United States,Dynamic bids - down only,Rest of search on Amazon,2919,23,$1.03,$23.61,$21.98,107.4158%,0.93,1,1
"Feb 11, 2026","Feb 17, 2026",fairy family,USD,fairy sewing - SPM MK broad,Amazon,United States,Dynamic bids - down only,Top of Search on Amazon,777,52,$1.48,$77.04,$175.84,43.8126%,2.28,8,8
"Feb 11, 2026","Feb 17, 2026",Latch Hook Pillow,USD,latch hook pillow - SPM product targeting,Amazon,United States,Dynamic bids - down only,Product pages on Amazon,813,2,$0.51,$1.02,$0.00,,0.00,0,0
"Feb 11, 2026","Feb 17, 2026",Latch Hook Pillow,USD,latch hook pillow - SPM product targeting,Amazon,United States,Dynamic bids - down only,Off Amazon,61,0,,$0.00,$0.00,,,0,0
"Feb 11, 2026","Feb 17, 2026",Latch Hook Pillow,USD,latch hook pillow - SPM product targeting,Amazon,United States,Dynamic bids - down only,Rest of search on Amazon,5390,31,$0.61,$18.77,$49.96,37.5701%,2.66,2,2
"Feb 11, 2026","Feb 17, 2026",Latch Hook Pillow,USD,latch hook pillow - SPM product targeting,Amazon,United States,Dynamic bids - down only,Top of Search on Amazon,2579,92,$1.12,$103.46,$149.88,69.0286%,1.45,6,6
"Feb 11, 2026","Feb 17, 2026",Cat And Hat Knitting,USD,cat knitting - SPM product targeting,Amazon,United States,Dynamic bids - down only,Product pages on Amazon,123,1,$0.58,$0.58,$0.00,,0.00,0,0
"Feb 11, 2026","Feb 17, 2026",Cat And Hat Knitting,USD,cat knitting - SPM product targeting,Amazon,United States,Dynamic bids - down only,Off Amazon,140,1,$0.15,$0.15,$0.00,,0.00,0,0
"Feb 11, 2026","Feb 17, 2026",Cat And Hat Knitting,USD,cat knitting - SPM product targeting,Amazon,United States,Dynamic bids - down only,Rest of search on Amazon,2280,22,$0.56,$12.30,$26.98,45.5893%,2.19,1,1
"Feb 11, 2026","Feb 17, 2026",Cat And Hat Knitting,USD,cat knitting - SPM product targeting,Amazon,United States,Dynamic bids - down only,Top of Search on Amazon,794,35,$0.99,$34.72,$95.32,36.4247%,2.75,4,4
"Feb 11, 2026","Feb 17, 2026",Embroidery for kids,USD,embroidery beginners - SPM SK embroidery kit for beginners TOS,Amazon,United States,Dynamic bids - down only,Product pages on Amazon,605,4,$0.49,$1.95,$0.00,,0.00,0,0
"Feb 11, 2026","Feb 17, 2026",Embroidery for kids,USD,embroidery beginners - SPM SK embroidery kit for beginners TOS,Amazon,United States,Dynamic bids - down only,Rest of search on Amazon,51,1,$0.51,$0.51,$0.00,,0.00,0,0
"Feb 11, 2026","Feb 17, 2026",Embroidery for kids,USD,embroidery beginners - SPM SK embroidery kit for beginners TOS,Amazon,United States,Dynamic bids - down only,Top of Search on Amazon,399,46,$1.04,$47.77,$100.92,47.3345%,2.11,4,4
"Feb 11, 2026","Feb 17, 2026",biggie beads,USD,biggie beads - SPM MK broad TOS,Amazon,United States,Dynamic bids - down only,Product pages on Amazon,5853,17,$0.91,$15.42,$49.96,30.8647%,3.24,2,2
"Feb 11, 2026","Feb 17, 2026",biggie beads,USD,biggie beads - SPM MK broad TOS,Amazon,United States,Dynamic bids - down only,Off Amazon,905,3,$0.30,$0.90,$0.00,,0.00,0,0
"Feb 11, 2026","Feb 17, 2026",biggie beads,USD,biggie beads - SPM MK broad TOS,Amazon,United States,Dynamic bids - down only,Rest of search on Amazon,916,10,$0.87,$8.67,$74.94,11.5693%,8.64,3,3
"Feb 11, 2026","Feb 17, 2026",biggie beads,USD,biggie beads - SPM MK broad TOS,Amazon,United States,Dynamic bids - down only,Top of Search on Amazon,1048,53,$1.47,$77.99,$274.78,28.3827%,3.52,11,11
"Feb 11, 2026","Feb 17, 2026",Needlepoint,USD,needlepoint - SPA auto TOS,Amazon,United States,Dynamic bids - down only,Product pages on Amazon,1462,11,$0.40,$4.36,$0.00,,0.00,0,0
"Feb 11, 2026","Feb 17, 2026",Needlepoint,USD,needlepoint - SPA auto TOS,Amazon,United States,Dynamic bids - down only,Off Amazon,518,3,$0.14,$0.42,$0.00,,0.00,0,0
"Feb 11, 2026","Feb 17, 2026",Needlepoint,USD,needlepoint - SPA auto TOS,Amazon,United States,Dynamic bids - down only,Rest of search on Amazon,5128,41,$0.43,$17.60,$89.90,19.5773%,5.11,4,5
"Feb 11, 2026","Feb 17, 2026",Needlepoint,USD,needlepoint - SPA auto TOS,Amazon,United States,Dynamic bids - down only,Top of Search on Amazon,531,21,$0.62,$13.08,$0.00,,0.00,0,0
"Feb 11, 2026","Feb 17, 2026",Dessert Family,USD,dessert sewing - SPM SK beginner sewing kit for kids TOS,Amazon,United States,Dynamic bids - down only,Product pages on Amazon,727,8,$0.86,$6.88,$22.98,29.9391%,3.34,1,1
"Feb 11, 2026","Feb 17, 2026",Dessert Family,USD,dessert sewing - SPM SK beginner sewing kit for kids TOS,Amazon,United States,Dynamic bids - down only,Rest of search on Amazon,16,0,,$0.00,$0.00,,,0,0
"Feb 11, 2026","Feb 17, 2026",Dessert Family,USD,dessert sewing - SPM SK beginner sewing kit for kids TOS,Amazon,United States,Dynamic bids - down only,Top of Search on Amazon,41,6,$1.91,$11.43,$22.98,49.7389%,2.01,1,1
"Feb 11, 2026","Feb 17, 2026",biggie beads,USD,biggie beads - SPM SK 10mm fuse beads TOS,Amazon,United States,Dynamic bids - down only,Product pages on Amazon,175,2,$0.72,$1.44,$0.00,,0.00,0,0
"Feb 11, 2026","Feb 13, 2026",biggie beads,USD,biggie beads - SPM SK 10mm fuse beads TOS,Amazon,United States,Dynamic bids - down only,Rest of search on Amazon,7,0,,$0.00,$0.00,,,0,0
"Feb 11, 2026","Feb 17, 2026",biggie beads,USD,biggie beads - SPM SK 10mm fuse beads TOS,Amazon,United States,Dynamic bids - down only,Top of Search on Amazon,7,1,$1.38,$1.38,$0.00,,0.00,0,0
"Feb 11, 2026","Feb 17, 2026",Needlepoint,USD,needlepoint - SPM MK broad and phrase TOS,Amazon,United States,Dynamic bids - up and down,Product pages on Amazon,2143,26,$0.51,$13.25,$95.90,13.8165%,7.24,4,5
"Feb 11, 2026","Feb 17, 2026",Needlepoint,USD,needlepoint - SPM MK broad and phrase TOS,Amazon,United States,Dynamic bids - up and down,Off Amazon,23,0,,$0.00,$0.00,,,0,0
"Feb 11, 2026","Feb 17, 2026",Needlepoint,USD,needlepoint - SPM MK broad and phrase TOS,Amazon,United States,Dynamic bids - up and down,Rest of search on Amazon,1928,23,$0.41,$9.32,$53.94,17.2785%,5.79,3,3
"Feb 11, 2026","Feb 17, 2026",Needlepoint,USD,needlepoint - SPM MK broad and phrase TOS,Amazon,United States,Dynamic bids - up and down,Top of Search on Amazon,1417,49,$0.98,$48.24,$35.96,134.1491%,0.75,2,2
"Feb 11, 2026","Feb 17, 2026",Needlepoint,USD,needlepoint - SPM SK kids needlepoint kit TOS,Amazon,United States,Dynamic bids - down only,Product pages on Amazon,367,4,$0.43,$1.71,$0.00,,0.00,0,0
"Feb 11, 2026","Feb 17, 2026",Needlepoint,USD,needlepoint - SPM SK kids needlepoint kit TOS,Amazon,United States,Dynamic bids - down only,Rest of search on Amazon,111,3,$0.46,$1.39,$0.00,,0.00,0,0
"Feb 11, 2026","Feb 17, 2026",Needlepoint,USD,needlepoint - SPM SK kids needlepoint kit TOS,Amazon,United States,Dynamic bids - down only,Top of Search on Amazon,69,4,$0.87,$3.48,$0.00,,0.00,0,0
"Feb 11, 2026","Feb 17, 2026",Needlepoint,USD,needlepoint - SPM SK needlepoint kits for beginners TOS,Amazon,United States,Dynamic bids - down only,Product pages on Amazon,1311,10,$0.40,$3.98,$0.00,,0.00,0,0
"Feb 11, 2026","Feb 17, 2026",Needlepoint,USD,needlepoint - SPM SK needlepoint kits for beginners TOS,Amazon,United States,Dynamic bids - down only,Rest of search on Amazon,838,15,$0.40,$6.00,$17.98,33.3704%,3.00,1,1
"Feb 11, 2026","Feb 17, 2026",Needlepoint,USD,needlepoint - SPM SK needlepoint kits for beginners TOS,Amazon,United States,Dynamic bids - down only,Top of Search on Amazon,95,5,$0.59,$2.97,$0.00,,0.00,0,0
"Feb 11, 2026","Feb 17, 2026",Dessert Family,USD,dessert sewing - SPM SK sewing for kids TOS,Amazon,United States,Dynamic bids - down only,Product pages on Amazon,2123,24,$0.46,$11.12,$0.00,,0.00,0,0
"Feb 11, 2026","Feb 17, 2026",Dessert Family,USD,dessert sewing - SPM SK sewing for kids TOS,Amazon,United States,Dynamic bids - down only,Off Amazon,18,0,,$0.00,$0.00,,,0,0
"Feb 11, 2026","Feb 17, 2026",Dessert Family,USD,dessert sewing - SPM SK sewing for kids TOS,Amazon,United States,Dynamic bids - down only,Rest of search on Amazon,19,1,$0.47,$0.47,$0.00,,0.00,0,0
"Feb 11, 2026","Feb 17, 2026",Dessert Family,USD,dessert sewing - SPM SK sewing for kids TOS,Amazon,United States,Dynamic bids - down only,Top of Search on Amazon,66,3,$1.10,$3.31,$0.00,,0.00,0,0
"Feb 11, 2026","Feb 17, 2026",Needlepoint,USD,needlepoint - SPM SK needlepoint kit for kids TOS,Amazon,United States,Dynamic bids - down only,Product pages on Amazon,187,1,$0.40,$0.40,$0.00,,0.00,0,0
"Feb 11, 2026","Feb 17, 2026",Needlepoint,USD,needlepoint - SPM SK needlepoint kit for kids TOS,Amazon,United States,Dynamic bids - down only,Rest of search on Amazon,118,1,$0.40,$0.40,$0.00,,0.00,0,0
"Feb 11, 2026","Feb 17, 2026",Needlepoint,USD,needlepoint - SPM SK needlepoint kit for kids TOS,Amazon,United States,Dynamic bids - down only,Top of Search on Amazon,59,2,$0.68,$1.35,$0.00,,0.00,0,0
"Feb 11, 2026","Feb 17, 2026",4 Flowers embroidery,USD,4 flowers - SPM SK embroidery starter kit beginner TOS,Amazon,United States,Dynamic bids - down only,Product pages on Amazon,302,2,$0.56,$1.11,$0.00,,0.00,0,0
"Feb 11, 2026","Feb 17, 2026",4 Flowers embroidery,USD,4 flowers - SPM SK embroidery starter kit beginner TOS,Amazon,United States,Dynamic bids - down only,Rest of search on Amazon,49,0,,$0.00,$0.00,,,0,0
"Feb 11, 2026","Feb 17, 2026",4 Flowers embroidery,USD,4 flowers - SPM SK embroidery starter kit beginner TOS,Amazon,United States,Dynamic bids - down only,Top of Search on Amazon,91,8,$1.35,$10.78,$0.00,,0.00,0,0
"Feb 11, 2026","Feb 17, 2026",Dessert Family,USD,dessert sewing - SPM MK broad sewing kit root,Amazon,United States,Dynamic bids - up and down,Product pages on Amazon,626,10,$0.73,$7.26,$0.00,,0.00,0,0
"Feb 15, 2026","Feb 15, 2026",Dessert Family,USD,dessert sewing - SPM MK broad sewing kit root,Amazon,United States,Dynamic bids - up and down,Off Amazon,1,0,,$0.00,$0.00,,,0,0
"Feb 11, 2026","Feb 17, 2026",Dessert Family,USD,dessert sewing - SPM MK broad sewing kit root,Amazon,United States,Dynamic bids - up and down,Rest of search on Amazon,55,0,,$0.00,$0.00,,,0,0
"Feb 11, 2026","Feb 17, 2026",Dessert Family,USD,dessert sewing - SPM MK broad sewing kit root,Amazon,United States,Dynamic bids - up and down,Top of Search on Amazon,70,7,$1.67,$11.68,$22.98,50.8268%,1.97,1,1
"Feb 12, 2026","Feb 16, 2026",Cat And Hat Knitting,USD,cat knitting - SPM SK loom animals kit for kids TOS,Amazon,United States,Dynamic bids - down only,Product pages on Amazon,4,0,,$0.00,$0.00,,,0,0
"Feb 11, 2026","Feb 17, 2026",Cat And Hat Knitting,USD,cat knitting - SPM SK loom animals kit for kids TOS,Amazon,United States,Dynamic bids - down only,Rest of search on Amazon,13,0,,$0.00,$0.00,,,0,0
"Feb 11, 2026","Feb 17, 2026",Cat And Hat Knitting,USD,cat knitting - SPM SK loom animals kit for kids TOS,Amazon,United States,Dynamic bids - down only,Top of Search on Amazon,19,1,$1.21,$1.21,$0.00,,0.00,0,0
"Feb 11, 2026","Feb 17, 2026",fuse beads,USD,mini fuse beads - SPM SK fuse bead kit TOS,Amazon,United States,Dynamic bids - down only,Product pages on Amazon,13395,54,$0.77,$41.48,$102.92,40.3031%,2.48,3,3
"Feb 11, 2026","Feb 17, 2026",fuse beads,USD,mini fuse beads - SPM SK fuse bead kit TOS,Amazon,United States,Dynamic bids - down only,Rest of search on Amazon,804,6,$0.79,$4.76,$32.98,14.4330%,6.93,1,1
"Feb 11, 2026","Feb 17, 2026",fuse beads,USD,mini fuse beads - SPM SK fuse bead kit TOS,Amazon,United States,Dynamic bids - down only,Top of Search on Amazon,564,39,$1.44,$56.24,$65.96,85.2638%,1.17,2,2
"Feb 11, 2026","Feb 17, 2026",Cat And Hat Knitting,USD,cat knitting - SPM SK loom kit for kids TOS,Amazon,United States,Dynamic bids - up and down,Product pages on Amazon,120,2,$0.77,$1.54,$0.00,,0.00,0,0
"Feb 11, 2026","Feb 17, 2026",Cat And Hat Knitting,USD,cat knitting - SPM SK loom kit for kids TOS,Amazon,United States,Dynamic bids - up and down,Rest of search on Amazon,27,1,$0.91,$0.91,$0.00,,0.00,0,0
"Feb 12, 2026","Feb 15, 2026",Cat And Hat Knitting,USD,cat knitting - SPM SK loom kit for kids TOS,Amazon,United States,Dynamic bids - up and down,Top of Search on Amazon,4,0,,$0.00,$0.00,,,0,0
"Feb 11, 2026","Feb 17, 2026",Cross stitch backpack charms,USD,cross girl - SPM MK more general adult root TOS,Amazon,United States,Dynamic bids - down only,Product pages on Amazon,110,0,,$0.00,$0.00,,,0,0
"Feb 11, 2026","Feb 17, 2026",Cross stitch backpack charms,USD,cross girl - SPM MK more general adult root TOS,Amazon,United States,Dynamic bids - down only,Off Amazon,24,0,,$0.00,$0.00,,,0,0
"Feb 11, 2026","Feb 17, 2026",Cross stitch backpack charms,USD,cross girl - SPM MK more general adult root TOS,Amazon,United States,Dynamic bids - down only,Rest of search on Amazon,59,1,$0.35,$0.35,$0.00,,0.00,0,0
"Feb 11, 2026","Feb 17, 2026",Cross stitch backpack charms,USD,cross girl - SPM MK more general adult root TOS,Amazon,United States,Dynamic bids - down only,Top of Search on Amazon,749,23,$0.99,$22.84,$61.94,36.8744%,2.71,3,3
"Feb 11, 2026","Feb 17, 2026",.Catch All Auto,USD,Catch All - Auto - 0.15 - incrementum,Amazon,United States,Dynamic bids - down only,Product pages on Amazon,1041,6,$0.15,$0.90,$21.98,4.0946%,24.42,1,1
"Feb 11, 2026","Feb 17, 2026",.Catch All Auto,USD,Catch All - Auto - 0.15 - incrementum,Amazon,United States,Dynamic bids - down only,Off Amazon,2775,11,$0.07,$0.74,$0.00,,0.00,0,0
"Feb 11, 2026","Feb 17, 2026",.Catch All Auto,USD,Catch All - Auto - 0.15 - incrementum,Amazon,United States,Dynamic bids - down only,Rest of search on Amazon,1910,21,$0.13,$2.71,$81.94,3.3073%,30.24,3,3
"Feb 11, 2026","Feb 16, 2026",.Catch All Auto,USD,Catch All - Auto - 0.15 - incrementum,Amazon,United States,Dynamic bids - down only,Top of Search on Amazon,8,3,$0.16,$0.47,$0.00,,0.00,0,0
"Feb 11, 2026","Feb 17, 2026",.Catch All Auto,USD,catch all - auto - 0.19 incrumentum,Amazon,United States,Dynamic bids - down only,Product pages on Amazon,37705,191,$0.18,$34.63,$163.26,21.2116%,4.71,7,7
"Feb 11, 2026","Feb 17, 2026",.Catch All Auto,USD,catch all - auto - 0.19 incrumentum,Amazon,United States,Dynamic bids - down only,Off Amazon,21539,72,$0.07,$5.15,$0.00,,0.00,0,0
"Feb 11, 2026","Feb 17, 2026",.Catch All Auto,USD,catch all - auto - 0.19 incrumentum,Amazon,United States,Dynamic bids - down only,Rest of search on Amazon,51703,476,$0.18,$87.94,$426.58,20.6151%,4.85,19,20
"Feb 11, 2026","Feb 17, 2026",.Catch All Auto,USD,catch all - auto - 0.19 incrumentum,Amazon,United States,Dynamic bids - down only,Top of Search on Amazon,98,3,$0.15,$0.45,$0.00,,0.00,0,0
"Feb 11, 2026","Feb 17, 2026",Cross stitch backpack charms,USD,cross girl - SPM SK cross stitch kits for kids TOS,Amazon,United States,Dynamic bids - down only,Product pages on Amazon,1487,13,$0.68,$8.87,$19.98,44.3944%,2.25,1,1
"Feb 11, 2026","Feb 17, 2026",Cross stitch backpack charms,USD,cross girl - SPM SK cross stitch kits for kids TOS,Amazon,United States,Dynamic bids - down only,Rest of search on Amazon,266,4,$1.25,$5.00,$0.00,,0.00,0,0
"Feb 11, 2026","Feb 17, 2026",Cross stitch backpack charms,USD,cross girl - SPM SK cross stitch kits for kids TOS,Amazon,United States,Dynamic bids - down only,Top of Search on Amazon,185,25,$1.47,$36.80,$99.90,36.8368%,2.71,4,5
"Feb 11, 2026","Feb 17, 2026",princess lacing cards,USD,princess lacing - SPA auto,Amazon,United States,Dynamic bids - down only,Product pages on Amazon,224,2,$0.50,$1.00,$19.98,5.0050%,19.98,1,1
"Feb 11, 2026","Feb 17, 2026",princess lacing cards,USD,princess lacing - SPA auto,Amazon,United States,Dynamic bids - down only,Off Amazon,1147,2,$0.15,$0.30,$0.00,,0.00,0,0
"Feb 11, 2026","Feb 17, 2026",princess lacing cards,USD,princess lacing - SPA auto,Amazon,United States,Dynamic bids - down only,Rest of search on Amazon,8041,115,$0.62,$71.65,$146.86,48.7880%,2.05,7,7
"Feb 11, 2026","Feb 17, 2026",princess lacing cards,USD,princess lacing - SPA auto,Amazon,United States,Dynamic bids - down only,Top of Search on Amazon,389,17,$0.95,$16.13,$59.94,26.9102%,3.72,3,3
"Feb 11, 2026","Feb 17, 2026",punch needle Plush heart,USD,punch needle - SPM SK kids punch needle kit TOS PUSH,Amazon,United States,Dynamic bids - down only,Product pages on Amazon,67,0,,$0.00,$0.00,,,0,0
"Feb 12, 2026","Feb 17, 2026",punch needle Plush heart,USD,punch needle - SPM SK kids punch needle kit TOS PUSH,Amazon,United States,Dynamic bids - down only,Rest of search on Amazon,7,0,,$0.00,$0.00,,,0,0
"Feb 11, 2026","Feb 17, 2026",punch needle Plush heart,USD,punch needle - SPM SK kids punch needle kit TOS PUSH,Amazon,United States,Dynamic bids - down only,Top of Search on Amazon,25,2,$1.14,$2.28,$0.00,,0.00,0,0
"Feb 11, 2026","Feb 17, 2026",punch needle Plush heart,USD,punch needle - SPM SK punch needle kit for kids ages 8-12,Amazon,United States,Dynamic bids - down only,Product pages on Amazon,20,1,$0.34,$0.34,$0.00,,0.00,0,0
"Feb 11, 2026","Feb 17, 2026",punch needle Plush heart,USD,punch needle - SPM SK punch needle kit for kids ages 8-12,Amazon,United States,Dynamic bids - down only,Rest of search on Amazon,16,1,$0.41,$0.41,$0.00,,0.00,0,0
"Feb 11, 2026","Feb 17, 2026",punch needle Plush heart,USD,punch needle - SPM SK punch needle kit for kids ages 8-12,Amazon,United States,Dynamic bids - down only,Top of Search on Amazon,23,1,$1.37,$1.37,$0.00,,0.00,0,0
"Feb 11, 2026","Feb 17, 2026",princess lacing cards,USD,princess lacing - SPM MK broad TOS,Amazon,United States,Dynamic bids - down only,Product pages on Amazon,90,0,,$0.00,$0.00,,,0,0
"Feb 11, 2026","Feb 16, 2026",princess lacing cards,USD,princess lacing - SPM MK broad TOS,Amazon,United States,Dynamic bids - down only,Off Amazon,13,0,,$0.00,$0.00,,,0,0
"Feb 11, 2026","Feb 17, 2026",princess lacing cards,USD,princess lacing - SPM MK broad TOS,Amazon,United States,Dynamic bids - down only,Rest of search on Amazon,435,0,,$0.00,$0.00,,,0,0
"Feb 11, 2026","Feb 17, 2026",princess lacing cards,USD,princess lacing - SPM MK broad TOS,Amazon,United States,Dynamic bids - down only,Top of Search on Amazon,1122,102,$1.84,$188.05,$219.78,85.5628%,1.17,11,11
"Feb 16, 2026","Feb 16, 2026",princess lacing cards,USD,princess lacing - SPM SK sewing cards for kids ages 4-8 TOS,Amazon,United States,Dynamic bids - down only,Top of Search on Amazon,1,0,,$0.00,$0.00,,,0,0
"Feb 16, 2026","Feb 16, 2026",princess lacing cards,USD,princess lacing - SPM SK sewing cards for kids ages 3-5 TOS,Amazon,United States,Dynamic bids - down only,Top of Search on Amazon,0,0,,$0.00,$0.00,,,0,0
"Feb 12, 2026","Feb 16, 2026",princess lacing cards,USD,princess lacing - SPM SK lacing cards for kids ages 4-8 TOS,Amazon,United States,Dynamic bids - down only,Product pages on Amazon,0,0,,$0.00,$0.00,,,0,0
"Feb 11, 2026","Feb 17, 2026",princess lacing cards,USD,princess lacing - SPM SK lacing cards for kids ages 4-8 TOS,Amazon,United States,Dynamic bids - down only,Top of Search on Amazon,1,1,$1.86,$1.86,$0.00,,0.00,0,0
"Feb 15, 2026","Feb 15, 2026",princess lacing cards,USD,princess lacing - SPM SK lacing cards for kids ages 3-5 TOS,Amazon,United States,Dynamic bids - down only,Product pages on Amazon,1,0,,$0.00,$0.00,,,0,0
"Feb 12, 2026","Feb 17, 2026",princess lacing cards,USD,princess lacing - SPM SK lacing cards for kids ages 3-5 TOS,Amazon,United States,Dynamic bids - down only,Rest of search on Amazon,0,0,,$0.00,$0.00,,,0,0
"Feb 11, 2026","Feb 17, 2026",princess lacing cards,USD,princess lacing - SPM SK lacing cards for kids ages 3-5 TOS,Amazon,United States,Dynamic bids - down only,Top of Search on Amazon,109,9,$1.67,$15.03,$0.00,,0.00,0,0
"Feb 11, 2026","Feb 17, 2026",fuse beads,USD,mini fuse beads - SPM MK broad mini root,Amazon,United States,Dynamic bids - down only,Product pages on Amazon,9058,41,$0.71,$29.16,$102.92,28.3327%,3.53,3,3
"Feb 11, 2026","Feb 17, 2026",fuse beads,USD,mini fuse beads - SPM MK broad mini root,Amazon,United States,Dynamic bids - down only,Off Amazon,154,0,,$0.00,$0.00,,,0,0
"Feb 11, 2026","Feb 17, 2026",fuse beads,USD,mini fuse beads - SPM MK broad mini root,Amazon,United States,Dynamic bids - down only,Rest of search on Amazon,980,1,$0.67,$0.67,$32.98,2.0315%,49.22,1,1
"Feb 11, 2026","Feb 17, 2026",fuse beads,USD,mini fuse beads - SPM MK broad mini root,Amazon,United States,Dynamic bids - down only,Top of Search on Amazon,1729,98,$1.48,$145.36,$226.26,64.2447%,1.56,7,7
"Feb 11, 2026","Feb 17, 2026",Embroidery for kids,USD,embroidery beginner - SPM MK broad TOS,Amazon,United States,Dynamic bids - down only,Product pages on Amazon,6002,21,$0.53,$11.12,$0.00,,0.00,0,0
"Feb 11, 2026","Feb 17, 2026",Embroidery for kids,USD,embroidery beginner - SPM MK broad TOS,Amazon,United States,Dynamic bids - down only,Off Amazon,93,0,,$0.00,$0.00,,,0,0
"Feb 11, 2026","Feb 17, 2026",Embroidery for kids,USD,embroidery beginner - SPM MK broad TOS,Amazon,United States,Dynamic bids - down only,Rest of search on Amazon,736,0,,$0.00,$0.00,,,0,0
"Feb 11, 2026","Feb 17, 2026",Embroidery for kids,USD,embroidery beginner - SPM MK broad TOS,Amazon,United States,Dynamic bids - down only,Top of Search on Amazon,993,117,$1.10,$128.22,$343.74,37.3014%,2.68,13,13
"Feb 11, 2026","Feb 17, 2026",fuse beads,USD,mini fuse beads - SPM MK BROAD shinshin creation root,Amazon,United States,Dynamic bids - down only,Product pages on Amazon,1166,4,$0.79,$3.14,$67.96,4.6204%,21.64,2,2
"Feb 11, 2026","Feb 17, 2026",fuse beads,USD,mini fuse beads - SPM MK BROAD shinshin creation root,Amazon,United States,Dynamic bids - down only,Rest of search on Amazon,14,0,,$0.00,$0.00,,,0,0
"Feb 12, 2026","Feb 16, 2026",fuse beads,USD,mini fuse beads - SPM MK BROAD shinshin creation root,Amazon,United States,Dynamic bids - down only,Top of Search on Amazon,8,2,$0.46,$0.92,$32.98,2.7896%,35.85,1,1
"Feb 11, 2026","Feb 17, 2026",Latch hook kits,USD,latch hook - SPM SK hook rug kits for kids TOS,Amazon,United States,Dynamic bids - down only,Product pages on Amazon,50,0,,$0.00,$0.00,,,0,0
"Feb 11, 2026","Feb 17, 2026",Latch hook kits,USD,latch hook - SPM SK hook rug kits for kids TOS,Amazon,United States,Dynamic bids - down only,Rest of search on Amazon,43,1,$0.45,$0.45,$0.00,,0.00,0,0
"Feb 11, 2026","Feb 17, 2026",Latch hook kits,USD,latch hook - SPM SK hook rug kits for kids TOS,Amazon,United States,Dynamic bids - down only,Top of Search on Amazon,80,4,$1.19,$4.77,$0.00,,0.00,0,0
"Feb 11, 2026","Feb 16, 2026",Embroidery for kids,USD,embroidery beginner - SPM SK easy embroidery kit beginner TOS,Amazon,United States,Dynamic bids - down only,Product pages on Amazon,18,0,,$0.00,$0.00,,,0,0
"Feb 11, 2026","Feb 17, 2026",Embroidery for kids,USD,embroidery beginner - SPM SK easy embroidery kit beginner TOS,Amazon,United States,Dynamic bids - down only,Rest of search on Amazon,17,0,,$0.00,$0.00,,,0,0
"Feb 11, 2026","Feb 17, 2026",Embroidery for kids,USD,embroidery beginner - SPM SK easy embroidery kit beginner TOS,Amazon,United States,Dynamic bids - down only,Top of Search on Amazon,55,2,$1.33,$2.66,$0.00,,0.00,0,0
"Feb 11, 2026","Feb 17, 2026",4 Flowers embroidery,USD,4 flowers - SPM SK beginner needlepoint kits for adults TOS,Amazon,United States,Dynamic bids - down only,Product pages on Amazon,289,2,$0.51,$1.01,$0.00,,0.00,0,0
"Feb 11, 2026","Feb 17, 2026",4 Flowers embroidery,USD,4 flowers - SPM SK beginner needlepoint kits for adults TOS,Amazon,United States,Dynamic bids - down only,Rest of search on Amazon,130,0,,$0.00,$0.00,,,0,0
"Feb 11, 2026","Feb 17, 2026",4 Flowers embroidery,USD,4 flowers - SPM SK beginner needlepoint kits for adults TOS,Amazon,United States,Dynamic bids - down only,Top of Search on Amazon,378,31,$1.16,$35.95,$0.00,,0.00,0,0
"Feb 11, 2026","Feb 17, 2026",Cross And Embroidery Kits,USD,cross embroidery - small kit SPM SK beginner cross stitch kits for kids TOS,Amazon,United States,Dynamic bids - down only,Product pages on Amazon,2363,12,$0.51,$6.16,$19.98,30.8308%,3.24,1,1
"Feb 11, 2026","Feb 17, 2026",Cross And Embroidery Kits,USD,cross embroidery - small kit SPM SK beginner cross stitch kits for kids TOS,Amazon,United States,Dynamic bids - down only,Rest of search on Amazon,69,1,$0.56,$0.56,$0.00,,0.00,0,0
"Feb 11, 2026","Feb 17, 2026",Cross And Embroidery Kits,USD,cross embroidery - small kit SPM SK beginner cross stitch kits for kids TOS,Amazon,United States,Dynamic bids - down only,Top of Search on Amazon,121,13,$0.92,$12.02,$0.00,,0.00,0,0
"Feb 11, 2026","Feb 17, 2026",Cat And Hat Knitting,USD,cat knitting - SPM SK loom knitting kit TOS,Amazon,United States,Dynamic bids - up and down,Product pages on Amazon,6099,56,$0.92,$51.31,$26.98,190.1779%,0.53,1,1
"Feb 11, 2026","Feb 17, 2026",Cat And Hat Knitting,USD,cat knitting - SPM SK loom knitting kit TOS,Amazon,United States,Dynamic bids - up and down,Rest of search on Amazon,609,5,$0.95,$4.73,$0.00,,0.00,0,0
"Feb 11, 2026","Feb 17, 2026",Cat And Hat Knitting,USD,cat knitting - SPM SK loom knitting kit TOS,Amazon,United States,Dynamic bids - up and down,Top of Search on Amazon,76,6,$0.98,$5.89,$0.00,,0.00,0,0
"Feb 11, 2026","Feb 17, 2026",Cat And Hat Knitting,USD,cat knitting - SPM SK knitting beginner kit TOS,Amazon,United States,Dynamic bids - down only,Product pages on Amazon,1107,10,$0.53,$5.30,$26.98,19.6442%,5.09,1,1
"Feb 11, 2026","Feb 17, 2026",Cat And Hat Knitting,USD,cat knitting - SPM SK knitting beginner kit TOS,Amazon,United States,Dynamic bids - down only,Rest of search on Amazon,32,0,,$0.00,$0.00,,,0,0
"Feb 11, 2026","Feb 17, 2026",Cat And Hat Knitting,USD,cat knitting - SPM SK knitting beginner kit TOS,Amazon,United States,Dynamic bids - down only,Top of Search on Amazon,48,0,,$0.00,$0.00,,,0,0
"Feb 11, 2026","Feb 17, 2026",Latch Hook Pillow,USD,latch pillow - SPM SK latch hook rug kits for kids TOS,Amazon,United States,Dynamic bids - down only,Product pages on Amazon,4,0,,$0.00,$0.00,,,0,0
"Feb 12, 2026","Feb 17, 2026",Latch Hook Pillow,USD,latch pillow - SPM SK latch hook rug kits for kids TOS,Amazon,United States,Dynamic bids - down only,Top of Search on Amazon,6,0,,$0.00,$0.00,,,0,0
"Feb 11, 2026","Feb 17, 2026",4 Flowers embroidery,USD,4 flowers - SPM MK broad ultra targeted,Amazon,United States,Dynamic bids - down only,Product pages on Amazon,14642,92,$0.48,$44.03,$74.94,58.7537%,1.70,3,3
"Feb 11, 2026","Feb 17, 2026",4 Flowers embroidery,USD,4 flowers - SPM MK broad ultra targeted,Amazon,United States,Dynamic bids - down only,Off Amazon,93,0,,$0.00,$0.00,,,0,0
"Feb 11, 2026","Feb 17, 2026",4 Flowers embroidery,USD,4 flowers - SPM MK broad ultra targeted,Amazon,United States,Dynamic bids - down only,Rest of search on Amazon,1213,3,$0.50,$1.49,$0.00,,0.00,0,0
"Feb 11, 2026","Feb 17, 2026",4 Flowers embroidery,USD,4 flowers - SPM MK broad ultra targeted,Amazon,United States,Dynamic bids - down only,Top of Search on Amazon,863,45,$0.88,$39.44,$49.96,78.9432%,1.27,2,2
"Feb 11, 2026","Feb 17, 2026",4 Flowers embroidery,USD,4 flowers - SPM SK easy embroidery kits for beginners TOS,Amazon,United States,Dynamic bids - up and down,Product pages on Amazon,4663,35,$0.60,$20.97,$49.96,41.9736%,2.38,2,2
"Feb 11, 2026","Feb 17, 2026",4 Flowers embroidery,USD,4 flowers - SPM SK easy embroidery kits for beginners TOS,Amazon,United States,Dynamic bids - up and down,Rest of search on Amazon,123,1,$0.64,$0.64,$0.00,,0.00,0,0
"Feb 11, 2026","Feb 17, 2026",4 Flowers embroidery,USD,4 flowers - SPM SK easy embroidery kits for beginners TOS,Amazon,United States,Dynamic bids - up and down,Top of Search on Amazon,120,10,$1.38,$13.78,$46.96,29.3441%,3.41,2,2
"Feb 11, 2026","Feb 17, 2026",4 Flowers embroidery,USD,4 flowers - SPM SK beginners embroidery kit for adults TOS,Amazon,United States,Dynamic bids - down only,Product pages on Amazon,4480,44,$0.37,$16.29,$41.96,38.8227%,2.58,2,2
"Feb 11, 2026","Feb 17, 2026",4 Flowers embroidery,USD,4 flowers - SPM SK beginners embroidery kit for adults TOS,Amazon,United States,Dynamic bids - down only,Rest of search on Amazon,65,0,,$0.00,$0.00,,,0,0
"Feb 11, 2026","Feb 17, 2026",4 Flowers embroidery,USD,4 flowers - SPM SK beginners embroidery kit for adults TOS,Amazon,United States,Dynamic bids - down only,Top of Search on Amazon,270,23,$1.05,$24.17,$49.96,48.3787%,2.07,2,2
